<?xml version="1.0" encoding="UTF-8"?>
<export version="D">
  <design>
    <source>C:\Users\Ada\Desktop\Github\Dimple_R1Redo\Dimple_pcb.sch</source>
    <date>17/08/2020 10:51:13</date>
    <tool>Eeschema (5.1.6)-1</tool>
    <sheet number="1" name="/" tstamps="/">
      <title_block>
        <title/>
        <company/>
        <rev/>
        <date/>
        <source>Dimple_pcb.sch</source>
        <comment number="1" value=""/>
        <comment number="2" value=""/>
        <comment number="3" value=""/>
        <comment number="4" value=""/>
      </title_block>
    </sheet>
  </design>
  <components>
    <comp ref="JP1">
      <value>Jumper_NO_Small</value>
      <footprint>LED_THT:LED_D3.0mm</footprint>
      <datasheet>~</datasheet>
      <libsource lib="Dimple_pcb-rescue" part="Jumper_NO_Small-Device" description=""/>
      <sheetpath names="/" tstamps="/"/>
      <tstamp>5EEF51DC</tstamp>
    </comp>
    <comp ref="R1">
      <value>10k</value>
      <footprint>Resistor_SMD:R_0805_2012Metric</footprint>
      <datasheet>~</datasheet>
      <libsource lib="Dimple_pcb-rescue" part="R_Small-Device" description=""/>
      <sheetpath names="/" tstamps="/"/>
      <tstamp>5DFD843F</tstamp>
    </comp>
    <comp ref="R4">
      <value>10k</value>
      <footprint>Resistor_SMD:R_0805_2012Metric</footprint>
      <datasheet>~</datasheet>
      <libsource lib="Dimple_pcb-rescue" part="R_Small-Device" description=""/>
      <sheetpath names="/" tstamps="/"/>
      <tstamp>5DFC6928</tstamp>
    </comp>
    <comp ref="R6">
      <value>5.1k</value>
      <footprint>Resistor_SMD:R_0805_2012Metric</footprint>
      <datasheet>~</datasheet>
      <libsource lib="Dimple_pcb-rescue" part="R_Small-Device" description=""/>
      <sheetpath names="/" tstamps="/"/>
      <tstamp>5E1858CF</tstamp>
    </comp>
    <comp ref="R5">
      <value>5.1k</value>
      <footprint>Resistor_SMD:R_0805_2012Metric</footprint>
      <datasheet>~</datasheet>
      <libsource lib="Dimple_pcb-rescue" part="R_Small-Device" description=""/>
      <sheetpath names="/" tstamps="/"/>
      <tstamp>5E1847DD</tstamp>
    </comp>
    <comp ref="R3">
      <value>22</value>
      <footprint>Resistor_SMD:R_0805_2012Metric</footprint>
      <datasheet>~</datasheet>
      <libsource lib="Dimple_pcb-rescue" part="R_Small-Device" description=""/>
      <sheetpath names="/" tstamps="/"/>
      <tstamp>5E28232D</tstamp>
    </comp>
    <comp ref="R2">
      <value>22</value>
      <footprint>Resistor_SMD:R_0805_2012Metric</footprint>
      <datasheet>~</datasheet>
      <libsource lib="Dimple_pcb-rescue" part="R_Small-Device" description=""/>
      <sheetpath names="/" tstamps="/"/>
      <tstamp>5E280D94</tstamp>
    </comp>
    <comp ref="F1">
      <value>500mA</value>
      <footprint>Fuse:Fuse_1206_3216Metric</footprint>
      <datasheet>~</datasheet>
      <libsource lib="Dimple_pcb-rescue" part="Polyfuse_Small-Device" description=""/>
      <sheetpath names="/" tstamps="/"/>
      <tstamp>5DFE35CC</tstamp>
    </comp>
    <comp ref="D1">
      <value>D_ESC</value>
      <footprint>Diode_SMD:D_SOD-123</footprint>
      <datasheet>~</datasheet>
      <libsource lib="Dimple_pcb-rescue" part="D_Small-Device" description=""/>
      <sheetpath names="/" tstamps="/"/>
      <tstamp>5E2B3E11</tstamp>
    </comp>
    <comp ref="D13">
      <value>D_TAB</value>
      <footprint>Diode_SMD:D_SOD-123</footprint>
      <datasheet>~</datasheet>
      <libsource lib="Dimple_pcb-rescue" part="D_Small-Device" description=""/>
      <sheetpath names="/" tstamps="/"/>
      <tstamp>5E2C893A</tstamp>
    </comp>
    <comp ref="D25">
      <value>D_LSHIFT</value>
      <footprint>Diode_SMD:D_SOD-123</footprint>
      <datasheet>~</datasheet>
      <libsource lib="Dimple_pcb-rescue" part="D_Small-Device" description=""/>
      <sheetpath names="/" tstamps="/"/>
      <tstamp>5E2CFCDF</tstamp>
    </comp>
    <comp ref="D36">
      <value>D_CTRL</value>
      <footprint>Diode_SMD:D_SOD-123</footprint>
      <datasheet>~</datasheet>
      <libsource lib="Dimple_pcb-rescue" part="D_Small-Device" description=""/>
      <sheetpath names="/" tstamps="/"/>
      <tstamp>5E2D6771</tstamp>
    </comp>
    <comp ref="D2">
      <value>D_Q</value>
      <footprint>Diode_SMD:D_SOD-123</footprint>
      <datasheet>~</datasheet>
      <libsource lib="Dimple_pcb-rescue" part="D_Small-Device" description=""/>
      <sheetpath names="/" tstamps="/"/>
      <tstamp>5E2B62E2</tstamp>
    </comp>
    <comp ref="D14">
      <value>D_A</value>
      <footprint>Diode_SMD:D_SOD-123</footprint>
      <datasheet>~</datasheet>
      <libsource lib="Dimple_pcb-rescue" part="D_Small-Device" description=""/>
      <sheetpath names="/" tstamps="/"/>
      <tstamp>5E2C8947</tstamp>
    </comp>
    <comp ref="D26">
      <value>D_Z</value>
      <footprint>Diode_SMD:D_SOD-123</footprint>
      <datasheet>~</datasheet>
      <libsource lib="Dimple_pcb-rescue" part="D_Small-Device" description=""/>
      <sheetpath names="/" tstamps="/"/>
      <tstamp>5E2CFCEC</tstamp>
    </comp>
    <comp ref="D3">
      <value>D_W</value>
      <footprint>Diode_SMD:D_SOD-123</footprint>
      <datasheet>~</datasheet>
      <libsource lib="Dimple_pcb-rescue" part="D_Small-Device" description=""/>
      <sheetpath names="/" tstamps="/"/>
      <tstamp>5E2B82C6</tstamp>
    </comp>
    <comp ref="D15">
      <value>D_S</value>
      <footprint>Diode_SMD:D_SOD-123</footprint>
      <datasheet>~</datasheet>
      <libsource lib="Dimple_pcb-rescue" part="D_Small-Device" description=""/>
      <sheetpath names="/" tstamps="/"/>
      <tstamp>5E2C8954</tstamp>
    </comp>
    <comp ref="D27">
      <value>D_X</value>
      <footprint>Diode_SMD:D_SOD-123</footprint>
      <datasheet>~</datasheet>
      <libsource lib="Dimple_pcb-rescue" part="D_Small-Device" description=""/>
      <sheetpath names="/" tstamps="/"/>
      <tstamp>5E2CFCF9</tstamp>
    </comp>
    <comp ref="D37">
      <value>D_ALT</value>
      <footprint>Diode_SMD:D_SOD-123</footprint>
      <datasheet>~</datasheet>
      <libsource lib="Dimple_pcb-rescue" part="D_Small-Device" description=""/>
      <sheetpath names="/" tstamps="/"/>
      <tstamp>5E2D677E</tstamp>
    </comp>
    <comp ref="D4">
      <value>D_E</value>
      <footprint>Diode_SMD:D_SOD-123</footprint>
      <datasheet>~</datasheet>
      <libsource lib="Dimple_pcb-rescue" part="D_Small-Device" description=""/>
      <sheetpath names="/" tstamps="/"/>
      <tstamp>5E2B82D3</tstamp>
    </comp>
    <comp ref="D16">
      <value>D_D</value>
      <footprint>Diode_SMD:D_SOD-123</footprint>
      <datasheet>~</datasheet>
      <libsource lib="Dimple_pcb-rescue" part="D_Small-Device" description=""/>
      <sheetpath names="/" tstamps="/"/>
      <tstamp>5E2C8961</tstamp>
    </comp>
    <comp ref="D28">
      <value>D_C</value>
      <footprint>Diode_SMD:D_SOD-123</footprint>
      <datasheet>~</datasheet>
      <libsource lib="Dimple_pcb-rescue" part="D_Small-Device" description=""/>
      <sheetpath names="/" tstamps="/"/>
      <tstamp>5E2CFD06</tstamp>
    </comp>
    <comp ref="D38">
      <value>D_GUI</value>
      <footprint>Diode_SMD:D_SOD-123</footprint>
      <datasheet>~</datasheet>
      <libsource lib="Dimple_pcb-rescue" part="D_Small-Device" description=""/>
      <sheetpath names="/" tstamps="/"/>
      <tstamp>5E2D678B</tstamp>
    </comp>
    <comp ref="D5">
      <value>D_R</value>
      <footprint>Diode_SMD:D_SOD-123</footprint>
      <datasheet>~</datasheet>
      <libsource lib="Dimple_pcb-rescue" part="D_Small-Device" description=""/>
      <sheetpath names="/" tstamps="/"/>
      <tstamp>5E2BB1A8</tstamp>
    </comp>
    <comp ref="D17">
      <value>D_F</value>
      <footprint>Diode_SMD:D_SOD-123</footprint>
      <datasheet>~</datasheet>
      <libsource lib="Dimple_pcb-rescue" part="D_Small-Device" description=""/>
      <sheetpath names="/" tstamps="/"/>
      <tstamp>5E2C896E</tstamp>
    </comp>
    <comp ref="D29">
      <value>D_V</value>
      <footprint>Diode_SMD:D_SOD-123</footprint>
      <datasheet>~</datasheet>
      <libsource lib="Dimple_pcb-rescue" part="D_Small-Device" description=""/>
      <sheetpath names="/" tstamps="/"/>
      <tstamp>5E2CFD13</tstamp>
    </comp>
    <comp ref="D39">
      <value>D_LBAR</value>
      <footprint>Diode_SMD:D_SOD-123</footprint>
      <datasheet>~</datasheet>
      <libsource lib="Dimple_pcb-rescue" part="D_Small-Device" description=""/>
      <sheetpath names="/" tstamps="/"/>
      <tstamp>5E2D6798</tstamp>
    </comp>
    <comp ref="D6">
      <value>D_T</value>
      <footprint>Diode_SMD:D_SOD-123</footprint>
      <datasheet>~</datasheet>
      <libsource lib="Dimple_pcb-rescue" part="D_Small-Device" description=""/>
      <sheetpath names="/" tstamps="/"/>
      <tstamp>5E2BB1B5</tstamp>
    </comp>
    <comp ref="D18">
      <value>D_G</value>
      <footprint>Diode_SMD:D_SOD-123</footprint>
      <datasheet>~</datasheet>
      <libsource lib="Dimple_pcb-rescue" part="D_Small-Device" description=""/>
      <sheetpath names="/" tstamps="/"/>
      <tstamp>5E2C897B</tstamp>
    </comp>
    <comp ref="D30">
      <value>D_B</value>
      <footprint>Diode_SMD:D_SOD-123</footprint>
      <datasheet>~</datasheet>
      <libsource lib="Dimple_pcb-rescue" part="D_Small-Device" description=""/>
      <sheetpath names="/" tstamps="/"/>
      <tstamp>5E2CFD20</tstamp>
    </comp>
    <comp ref="D7">
      <value>D_Y</value>
      <footprint>Diode_SMD:D_SOD-123</footprint>
      <datasheet>~</datasheet>
      <libsource lib="Dimple_pcb-rescue" part="D_Small-Device" description=""/>
      <sheetpath names="/" tstamps="/"/>
      <tstamp>5E2BB1C2</tstamp>
    </comp>
    <comp ref="D19">
      <value>D_H</value>
      <footprint>Diode_SMD:D_SOD-123</footprint>
      <datasheet>~</datasheet>
      <libsource lib="Dimple_pcb-rescue" part="D_Small-Device" description=""/>
      <sheetpath names="/" tstamps="/"/>
      <tstamp>5E2C8988</tstamp>
    </comp>
    <comp ref="D31">
      <value>D_N</value>
      <footprint>Diode_SMD:D_SOD-123</footprint>
      <datasheet>~</datasheet>
      <libsource lib="Dimple_pcb-rescue" part="D_Small-Device" description=""/>
      <sheetpath names="/" tstamps="/"/>
      <tstamp>5E2CFD2D</tstamp>
    </comp>
    <comp ref="D40">
      <value>D_RBAR</value>
      <footprint>Diode_SMD:D_SOD-123</footprint>
      <datasheet>~</datasheet>
      <libsource lib="Dimple_pcb-rescue" part="D_Small-Device" description=""/>
      <sheetpath names="/" tstamps="/"/>
      <tstamp>5E2D67A5</tstamp>
    </comp>
    <comp ref="D8">
      <value>D_U</value>
      <footprint>Diode_SMD:D_SOD-123</footprint>
      <datasheet>~</datasheet>
      <libsource lib="Dimple_pcb-rescue" part="D_Small-Device" description=""/>
      <sheetpath names="/" tstamps="/"/>
      <tstamp>5E2BB1CF</tstamp>
    </comp>
    <comp ref="D20">
      <value>D_J</value>
      <footprint>Diode_SMD:D_SOD-123</footprint>
      <datasheet>~</datasheet>
      <libsource lib="Dimple_pcb-rescue" part="D_Small-Device" description=""/>
      <sheetpath names="/" tstamps="/"/>
      <tstamp>5E2C8995</tstamp>
    </comp>
    <comp ref="D32">
      <value>D_M</value>
      <footprint>Diode_SMD:D_SOD-123</footprint>
      <datasheet>~</datasheet>
      <libsource lib="Dimple_pcb-rescue" part="D_Small-Device" description=""/>
      <sheetpath names="/" tstamps="/"/>
      <tstamp>5E2CFD3A</tstamp>
    </comp>
    <comp ref="D41">
      <value>D_LEFT</value>
      <footprint>Diode_SMD:D_SOD-123</footprint>
      <datasheet>~</datasheet>
      <libsource lib="Dimple_pcb-rescue" part="D_Small-Device" description=""/>
      <sheetpath names="/" tstamps="/"/>
      <tstamp>5E2D67B2</tstamp>
    </comp>
    <comp ref="D9">
      <value>D_I</value>
      <footprint>Diode_SMD:D_SOD-123</footprint>
      <datasheet>~</datasheet>
      <libsource lib="Dimple_pcb-rescue" part="D_Small-Device" description=""/>
      <sheetpath names="/" tstamps="/"/>
      <tstamp>5E2BF00C</tstamp>
    </comp>
    <comp ref="D21">
      <value>D_K</value>
      <footprint>Diode_SMD:D_SOD-123</footprint>
      <datasheet>~</datasheet>
      <libsource lib="Dimple_pcb-rescue" part="D_Small-Device" description=""/>
      <sheetpath names="/" tstamps="/"/>
      <tstamp>5E2C89A2</tstamp>
    </comp>
    <comp ref="D33">
      <value>D_,</value>
      <footprint>Diode_SMD:D_SOD-123</footprint>
      <datasheet>~</datasheet>
      <libsource lib="Dimple_pcb-rescue" part="D_Small-Device" description=""/>
      <sheetpath names="/" tstamps="/"/>
      <tstamp>5E2CFD47</tstamp>
    </comp>
    <comp ref="D42">
      <value>D_DOWN</value>
      <footprint>Diode_SMD:D_SOD-123</footprint>
      <datasheet>~</datasheet>
      <libsource lib="Dimple_pcb-rescue" part="D_Small-Device" description=""/>
      <sheetpath names="/" tstamps="/"/>
      <tstamp>5E2D67BF</tstamp>
    </comp>
    <comp ref="D10">
      <value>D_O</value>
      <footprint>Diode_SMD:D_SOD-123</footprint>
      <datasheet>~</datasheet>
      <libsource lib="Dimple_pcb-rescue" part="D_Small-Device" description=""/>
      <sheetpath names="/" tstamps="/"/>
      <tstamp>5E2BF019</tstamp>
    </comp>
    <comp ref="D22">
      <value>D_L</value>
      <footprint>Diode_SMD:D_SOD-123</footprint>
      <datasheet>~</datasheet>
      <libsource lib="Dimple_pcb-rescue" part="D_Small-Device" description=""/>
      <sheetpath names="/" tstamps="/"/>
      <tstamp>5E2C89AF</tstamp>
    </comp>
    <comp ref="D34">
      <value>D_UP</value>
      <footprint>Diode_SMD:D_SOD-123</footprint>
      <datasheet>~</datasheet>
      <libsource lib="Dimple_pcb-rescue" part="D_Small-Device" description=""/>
      <sheetpath names="/" tstamps="/"/>
      <tstamp>5E2CFD54</tstamp>
    </comp>
    <comp ref="D43">
      <value>D_RIGHT</value>
      <footprint>Diode_SMD:D_SOD-123</footprint>
      <datasheet>~</datasheet>
      <libsource lib="Dimple_pcb-rescue" part="D_Small-Device" description=""/>
      <sheetpath names="/" tstamps="/"/>
      <tstamp>5E2D67CC</tstamp>
    </comp>
    <comp ref="D11">
      <value>D_P</value>
      <footprint>Diode_SMD:D_SOD-123</footprint>
      <datasheet>~</datasheet>
      <libsource lib="Dimple_pcb-rescue" part="D_Small-Device" description=""/>
      <sheetpath names="/" tstamps="/"/>
      <tstamp>5E2BF026</tstamp>
    </comp>
    <comp ref="D23">
      <value>D_;</value>
      <footprint>Diode_SMD:D_SOD-123</footprint>
      <datasheet>~</datasheet>
      <libsource lib="Dimple_pcb-rescue" part="D_Small-Device" description=""/>
      <sheetpath names="/" tstamps="/"/>
      <tstamp>5E2C89BC</tstamp>
    </comp>
    <comp ref="D35">
      <value>D_RSHIFT</value>
      <footprint>Diode_SMD:D_SOD-123</footprint>
      <datasheet>~</datasheet>
      <libsource lib="Dimple_pcb-rescue" part="D_Small-Device" description=""/>
      <sheetpath names="/" tstamps="/"/>
      <tstamp>5E2CFD61</tstamp>
    </comp>
    <comp ref="D12">
      <value>D_BS</value>
      <footprint>Diode_SMD:D_SOD-123</footprint>
      <datasheet>~</datasheet>
      <libsource lib="Dimple_pcb-rescue" part="D_Small-Device" description=""/>
      <sheetpath names="/" tstamps="/"/>
      <tstamp>5E2BF033</tstamp>
    </comp>
    <comp ref="D24">
      <value>D_ENTER</value>
      <footprint>Diode_SMD:D_SOD-123</footprint>
      <datasheet>~</datasheet>
      <libsource lib="Dimple_pcb-rescue" part="D_Small-Device" description=""/>
      <sheetpath names="/" tstamps="/"/>
      <tstamp>5E2C89C9</tstamp>
    </comp>
    <comp ref="C4">
      <value>0.1uF</value>
      <footprint>Capacitor_SMD:C_0805_2012Metric</footprint>
      <datasheet>~</datasheet>
      <libsource lib="Dimple_pcb-rescue" part="C_Small-Device" description=""/>
      <sheetpath names="/" tstamps="/"/>
      <tstamp>5DFC9909</tstamp>
    </comp>
    <comp ref="C5">
      <value>0.1uF</value>
      <footprint>Capacitor_SMD:C_0805_2012Metric</footprint>
      <datasheet>~</datasheet>
      <libsource lib="Dimple_pcb-rescue" part="C_Small-Device" description=""/>
      <sheetpath names="/" tstamps="/"/>
      <tstamp>5DFC9F8D</tstamp>
    </comp>
    <comp ref="C6">
      <value>0.1uF</value>
      <footprint>Capacitor_SMD:C_0805_2012Metric</footprint>
      <datasheet>~</datasheet>
      <libsource lib="Dimple_pcb-rescue" part="C_Small-Device" description=""/>
      <sheetpath names="/" tstamps="/"/>
      <tstamp>5DFCA286</tstamp>
    </comp>
    <comp ref="C1">
      <value>22pF</value>
      <footprint>Capacitor_SMD:C_0805_2012Metric</footprint>
      <datasheet>~</datasheet>
      <libsource lib="Dimple_pcb-rescue" part="C_Small-Device" description=""/>
      <sheetpath names="/" tstamps="/"/>
      <tstamp>5DFCF18A</tstamp>
    </comp>
    <comp ref="C2">
      <value>22pF</value>
      <footprint>Capacitor_SMD:C_0805_2012Metric</footprint>
      <datasheet>~</datasheet>
      <libsource lib="Dimple_pcb-rescue" part="C_Small-Device" description=""/>
      <sheetpath names="/" tstamps="/"/>
      <tstamp>5DFCFC56</tstamp>
    </comp>
    <comp ref="C7">
      <value>10uF</value>
      <footprint>Capacitor_SMD:C_0805_2012Metric</footprint>
      <datasheet>~</datasheet>
      <libsource lib="Dimple_pcb-rescue" part="C_Small-Device" description=""/>
      <sheetpath names="/" tstamps="/"/>
      <tstamp>5DFCA5C4</tstamp>
    </comp>
    <comp ref="C3">
      <value>1uF</value>
      <footprint>Capacitor_SMD:C_0805_2012Metric</footprint>
      <datasheet>~</datasheet>
      <libsource lib="Dimple_pcb-rescue" part="C_Small-Device" description=""/>
      <sheetpath names="/" tstamps="/"/>
      <tstamp>5DFC6678</tstamp>
    </comp>
    <comp ref="CF1">
      <value>0.1uF</value>
      <footprint>Capacitor_SMD:C_0603_1608Metric</footprint>
      <libsource lib="Dimple_pcb-rescue" part="C_Small-Device" description=""/>
      <sheetpath names="/" tstamps="/"/>
      <tstamp>5ED46803</tstamp>
    </comp>
    <comp ref="CF8">
      <value>0.1uF</value>
      <footprint>Capacitor_SMD:C_0603_1608Metric</footprint>
      <libsource lib="Dimple_pcb-rescue" part="C_Small-Device" description=""/>
      <sheetpath names="/" tstamps="/"/>
      <tstamp>5F394ABF</tstamp>
    </comp>
    <comp ref="CF9">
      <value>0.1uF</value>
      <footprint>Capacitor_SMD:C_0603_1608Metric</footprint>
      <libsource lib="Dimple_pcb-rescue" part="C_Small-Device" description=""/>
      <sheetpath names="/" tstamps="/"/>
      <tstamp>5F3A10B5</tstamp>
    </comp>
    <comp ref="CF10">
      <value>0.1uF</value>
      <footprint>Capacitor_SMD:C_0603_1608Metric</footprint>
      <libsource lib="Dimple_pcb-rescue" part="C_Small-Device" description=""/>
      <sheetpath names="/" tstamps="/"/>
      <tstamp>5F3B454F</tstamp>
    </comp>
    <comp ref="CF11">
      <value>0.1uF</value>
      <footprint>Capacitor_SMD:C_0603_1608Metric</footprint>
      <libsource lib="Dimple_pcb-rescue" part="C_Small-Device" description=""/>
      <sheetpath names="/" tstamps="/"/>
      <tstamp>5F3C8323</tstamp>
    </comp>
    <comp ref="CF2">
      <value>0.1uF</value>
      <footprint>Capacitor_SMD:C_0603_1608Metric</footprint>
      <libsource lib="Dimple_pcb-rescue" part="C_Small-Device" description=""/>
      <sheetpath names="/" tstamps="/"/>
      <tstamp>5ED4A635</tstamp>
    </comp>
    <comp ref="CF12">
      <value>0.1uF</value>
      <footprint>Capacitor_SMD:C_0603_1608Metric</footprint>
      <libsource lib="Dimple_pcb-rescue" part="C_Small-Device" description=""/>
      <sheetpath names="/" tstamps="/"/>
      <tstamp>5F394A79</tstamp>
    </comp>
    <comp ref="CF13">
      <value>0.1uF</value>
      <footprint>Capacitor_SMD:C_0603_1608Metric</footprint>
      <libsource lib="Dimple_pcb-rescue" part="C_Small-Device" description=""/>
      <sheetpath names="/" tstamps="/"/>
      <tstamp>5F3A106F</tstamp>
    </comp>
    <comp ref="CF14">
      <value>0.1uF</value>
      <footprint>Capacitor_SMD:C_0603_1608Metric</footprint>
      <libsource lib="Dimple_pcb-rescue" part="C_Small-Device" description=""/>
      <sheetpath names="/" tstamps="/"/>
      <tstamp>5F3B4509</tstamp>
    </comp>
    <comp ref="CF15">
      <value>0.1uF</value>
      <footprint>Capacitor_SMD:C_0603_1608Metric</footprint>
      <libsource lib="Dimple_pcb-rescue" part="C_Small-Device" description=""/>
      <sheetpath names="/" tstamps="/"/>
      <tstamp>5F3C82DD</tstamp>
    </comp>
    <comp ref="CF3">
      <value>0.1uF</value>
      <footprint>Capacitor_SMD:C_0603_1608Metric</footprint>
      <libsource lib="Dimple_pcb-rescue" part="C_Small-Device" description=""/>
      <sheetpath names="/" tstamps="/"/>
      <tstamp>5ED4CE3F</tstamp>
    </comp>
    <comp ref="CF16">
      <value>0.1uF</value>
      <footprint>Capacitor_SMD:C_0603_1608Metric</footprint>
      <libsource lib="Dimple_pcb-rescue" part="C_Small-Device" description=""/>
      <sheetpath names="/" tstamps="/"/>
      <tstamp>5F394A3B</tstamp>
    </comp>
    <comp ref="CF17">
      <value>0.1uF</value>
      <footprint>Capacitor_SMD:C_0603_1608Metric</footprint>
      <libsource lib="Dimple_pcb-rescue" part="C_Small-Device" description=""/>
      <sheetpath names="/" tstamps="/"/>
      <tstamp>5F3A1031</tstamp>
    </comp>
    <comp ref="CF18">
      <value>0.1uF</value>
      <footprint>Capacitor_SMD:C_0603_1608Metric</footprint>
      <libsource lib="Dimple_pcb-rescue" part="C_Small-Device" description=""/>
      <sheetpath names="/" tstamps="/"/>
      <tstamp>5F3B44CB</tstamp>
    </comp>
    <comp ref="CF19">
      <value>0.1uF</value>
      <footprint>Capacitor_SMD:C_0603_1608Metric</footprint>
      <libsource lib="Dimple_pcb-rescue" part="C_Small-Device" description=""/>
      <sheetpath names="/" tstamps="/"/>
      <tstamp>5F3C829F</tstamp>
    </comp>
    <comp ref="CF4">
      <value>0.1uF</value>
      <footprint>Capacitor_SMD:C_0603_1608Metric</footprint>
      <libsource lib="Dimple_pcb-rescue" part="C_Small-Device" description=""/>
      <sheetpath names="/" tstamps="/"/>
      <tstamp>5ED5A58D</tstamp>
    </comp>
    <comp ref="CF20">
      <value>0.1uF</value>
      <footprint>Capacitor_SMD:C_0603_1608Metric</footprint>
      <libsource lib="Dimple_pcb-rescue" part="C_Small-Device" description=""/>
      <sheetpath names="/" tstamps="/"/>
      <tstamp>5F394BD5</tstamp>
    </comp>
    <comp ref="CF21">
      <value>0.1uF</value>
      <footprint>Capacitor_SMD:C_0603_1608Metric</footprint>
      <libsource lib="Dimple_pcb-rescue" part="C_Small-Device" description=""/>
      <sheetpath names="/" tstamps="/"/>
      <tstamp>5F3A11CB</tstamp>
    </comp>
    <comp ref="CF22">
      <value>0.1uF</value>
      <footprint>Capacitor_SMD:C_0603_1608Metric</footprint>
      <libsource lib="Dimple_pcb-rescue" part="C_Small-Device" description=""/>
      <sheetpath names="/" tstamps="/"/>
      <tstamp>5F3B4665</tstamp>
    </comp>
    <comp ref="CF5">
      <value>0.1uF</value>
      <footprint>Capacitor_SMD:C_0603_1608Metric</footprint>
      <libsource lib="Dimple_pcb-rescue" part="C_Small-Device" description=""/>
      <sheetpath names="/" tstamps="/"/>
      <tstamp>5EF5C7A2</tstamp>
    </comp>
    <comp ref="CF23">
      <value>0.1uF</value>
      <footprint>Capacitor_SMD:C_0603_1608Metric</footprint>
      <libsource lib="Dimple_pcb-rescue" part="C_Small-Device" description=""/>
      <sheetpath names="/" tstamps="/"/>
      <tstamp>5F394963</tstamp>
    </comp>
    <comp ref="CF24">
      <value>0.1uF</value>
      <footprint>Capacitor_SMD:C_0603_1608Metric</footprint>
      <libsource lib="Dimple_pcb-rescue" part="C_Small-Device" description=""/>
      <sheetpath names="/" tstamps="/"/>
      <tstamp>5F3A0F59</tstamp>
    </comp>
    <comp ref="CF25">
      <value>0.1uF</value>
      <footprint>Capacitor_SMD:C_0603_1608Metric</footprint>
      <libsource lib="Dimple_pcb-rescue" part="C_Small-Device" description=""/>
      <sheetpath names="/" tstamps="/"/>
      <tstamp>5F3B43F3</tstamp>
    </comp>
    <comp ref="CF6">
      <value>0.1uF</value>
      <footprint>Capacitor_SMD:C_0603_1608Metric</footprint>
      <libsource lib="Dimple_pcb-rescue" part="C_Small-Device" description=""/>
      <sheetpath names="/" tstamps="/"/>
      <tstamp>5EF5C864</tstamp>
    </comp>
    <comp ref="CF26">
      <value>0.1uF</value>
      <footprint>Capacitor_SMD:C_0603_1608Metric</footprint>
      <libsource lib="Dimple_pcb-rescue" part="C_Small-Device" description=""/>
      <sheetpath names="/" tstamps="/"/>
      <tstamp>5F3949AB</tstamp>
    </comp>
    <comp ref="CF27">
      <value>0.1uF</value>
      <footprint>Capacitor_SMD:C_0603_1608Metric</footprint>
      <libsource lib="Dimple_pcb-rescue" part="C_Small-Device" description=""/>
      <sheetpath names="/" tstamps="/"/>
      <tstamp>5F3A0FA1</tstamp>
    </comp>
    <comp ref="CF28">
      <value>0.1uF</value>
      <footprint>Capacitor_SMD:C_0603_1608Metric</footprint>
      <libsource lib="Dimple_pcb-rescue" part="C_Small-Device" description=""/>
      <sheetpath names="/" tstamps="/"/>
      <tstamp>5F3B443B</tstamp>
    </comp>
    <comp ref="CF7">
      <value>0.1uF</value>
      <footprint>Capacitor_SMD:C_0603_1608Metric</footprint>
      <libsource lib="Dimple_pcb-rescue" part="C_Small-Device" description=""/>
      <sheetpath names="/" tstamps="/"/>
      <tstamp>5EF5C826</tstamp>
    </comp>
    <comp ref="CF29">
      <value>0.1uF</value>
      <footprint>Capacitor_SMD:C_0603_1608Metric</footprint>
      <libsource lib="Dimple_pcb-rescue" part="C_Small-Device" description=""/>
      <sheetpath names="/" tstamps="/"/>
      <tstamp>5F394B09</tstamp>
    </comp>
    <comp ref="CF30">
      <value>0.1uF</value>
      <footprint>Capacitor_SMD:C_0603_1608Metric</footprint>
      <libsource lib="Dimple_pcb-rescue" part="C_Small-Device" description=""/>
      <sheetpath names="/" tstamps="/"/>
      <tstamp>5F3A10FF</tstamp>
    </comp>
    <comp ref="CF31">
      <value>0.1uF</value>
      <footprint>Capacitor_SMD:C_0603_1608Metric</footprint>
      <libsource lib="Dimple_pcb-rescue" part="C_Small-Device" description=""/>
      <sheetpath names="/" tstamps="/"/>
      <tstamp>5F3B4599</tstamp>
    </comp>
    <comp ref="CF32">
      <value>0.1uF</value>
      <footprint>Capacitor_SMD:C_0603_1608Metric</footprint>
      <libsource lib="Dimple_pcb-rescue" part="C_Small-Device" description=""/>
      <sheetpath names="/" tstamps="/"/>
      <tstamp>5F358422</tstamp>
    </comp>
    <comp ref="CF33">
      <value>0.1uF</value>
      <footprint>Capacitor_SMD:C_0603_1608Metric</footprint>
      <libsource lib="Dimple_pcb-rescue" part="C_Small-Device" description=""/>
      <sheetpath names="/" tstamps="/"/>
      <tstamp>5F3949F3</tstamp>
    </comp>
    <comp ref="CF34">
      <value>0.1uF</value>
      <footprint>Capacitor_SMD:C_0603_1608Metric</footprint>
      <libsource lib="Dimple_pcb-rescue" part="C_Small-Device" description=""/>
      <sheetpath names="/" tstamps="/"/>
      <tstamp>5F3A0FE9</tstamp>
    </comp>
    <comp ref="CF35">
      <value>0.1uF</value>
      <footprint>Capacitor_SMD:C_0603_1608Metric</footprint>
      <libsource lib="Dimple_pcb-rescue" part="C_Small-Device" description=""/>
      <sheetpath names="/" tstamps="/"/>
      <tstamp>5F3B4483</tstamp>
    </comp>
    <comp ref="CF36">
      <value>0.1uF</value>
      <footprint>Capacitor_SMD:C_0603_1608Metric</footprint>
      <libsource lib="Dimple_pcb-rescue" part="C_Small-Device" description=""/>
      <sheetpath names="/" tstamps="/"/>
      <tstamp>5F3583E4</tstamp>
    </comp>
    <comp ref="CF37">
      <value>0.1uF</value>
      <footprint>Capacitor_SMD:C_0603_1608Metric</footprint>
      <libsource lib="Dimple_pcb-rescue" part="C_Small-Device" description=""/>
      <sheetpath names="/" tstamps="/"/>
      <tstamp>5F394B51</tstamp>
    </comp>
    <comp ref="CF38">
      <value>0.1uF</value>
      <footprint>Capacitor_SMD:C_0603_1608Metric</footprint>
      <libsource lib="Dimple_pcb-rescue" part="C_Small-Device" description=""/>
      <sheetpath names="/" tstamps="/"/>
      <tstamp>5F3A1147</tstamp>
    </comp>
    <comp ref="CF39">
      <value>0.1uF</value>
      <footprint>Capacitor_SMD:C_0603_1608Metric</footprint>
      <libsource lib="Dimple_pcb-rescue" part="C_Small-Device" description=""/>
      <sheetpath names="/" tstamps="/"/>
      <tstamp>5F3B45E1</tstamp>
    </comp>
    <comp ref="CF40">
      <value>0.1uF</value>
      <footprint>Capacitor_SMD:C_0603_1608Metric</footprint>
      <libsource lib="Dimple_pcb-rescue" part="C_Small-Device" description=""/>
      <sheetpath names="/" tstamps="/"/>
      <tstamp>5F3583A6</tstamp>
    </comp>
    <comp ref="CF41">
      <value>0.1uF</value>
      <footprint>Capacitor_SMD:C_0603_1608Metric</footprint>
      <libsource lib="Dimple_pcb-rescue" part="C_Small-Device" description=""/>
      <sheetpath names="/" tstamps="/"/>
      <tstamp>5F394B8F</tstamp>
    </comp>
    <comp ref="CF42">
      <value>0.1uF</value>
      <footprint>Capacitor_SMD:C_0603_1608Metric</footprint>
      <libsource lib="Dimple_pcb-rescue" part="C_Small-Device" description=""/>
      <sheetpath names="/" tstamps="/"/>
      <tstamp>5F3A1185</tstamp>
    </comp>
    <comp ref="CF43">
      <value>0.1uF</value>
      <footprint>Capacitor_SMD:C_0603_1608Metric</footprint>
      <libsource lib="Dimple_pcb-rescue" part="C_Small-Device" description=""/>
      <sheetpath names="/" tstamps="/"/>
      <tstamp>5F3B461F</tstamp>
    </comp>
    <comp ref="Y1">
      <value>16MHz</value>
      <footprint>Crystal:Crystal_SMD_3225-4Pin_3.2x2.5mm</footprint>
      <datasheet>~</datasheet>
      <libsource lib="Dimple_pcb-rescue" part="Crystal_GND24_Small-Device" description=""/>
      <sheetpath names="/" tstamps="/"/>
      <tstamp>5DFCD511</tstamp>
    </comp>
    <comp ref="MX1">
      <value>ESC</value>
      <footprint>MX_Only:MXOnly-1U-Hotswap</footprint>
      <libsource lib="MX_Alps_Hybrid" part="MX-NoLED" description=""/>
      <sheetpath names="/" tstamps="/"/>
      <tstamp>5E2B32B1</tstamp>
    </comp>
    <comp ref="MX13">
      <value>TAB</value>
      <footprint>MX_Only:MXOnly-1.25U-Hotswap</footprint>
      <libsource lib="MX_Alps_Hybrid" part="MX-NoLED" description=""/>
      <sheetpath names="/" tstamps="/"/>
      <tstamp>5E2C8934</tstamp>
    </comp>
    <comp ref="MX25">
      <value>L_SHIFT</value>
      <footprint>MX_Only:MXOnly-1.75U-Hotswap</footprint>
      <libsource lib="MX_Alps_Hybrid" part="MX-NoLED" description=""/>
      <sheetpath names="/" tstamps="/"/>
      <tstamp>5E2CFCD9</tstamp>
    </comp>
    <comp ref="MX36">
      <value>CTRL</value>
      <footprint>MX_Only:MXOnly-1U-Hotswap</footprint>
      <libsource lib="MX_Alps_Hybrid" part="MX-NoLED" description=""/>
      <sheetpath names="/" tstamps="/"/>
      <tstamp>5E2D676B</tstamp>
    </comp>
    <comp ref="MX2">
      <value>Q</value>
      <footprint>MX_Only:MXOnly-1U-Hotswap</footprint>
      <libsource lib="MX_Alps_Hybrid" part="MX-NoLED" description=""/>
      <sheetpath names="/" tstamps="/"/>
      <tstamp>5E2B62DC</tstamp>
    </comp>
    <comp ref="MX14">
      <value>A</value>
      <footprint>MX_Only:MXOnly-1U-Hotswap</footprint>
      <libsource lib="MX_Alps_Hybrid" part="MX-NoLED" description=""/>
      <sheetpath names="/" tstamps="/"/>
      <tstamp>5E2C8941</tstamp>
    </comp>
    <comp ref="MX26">
      <value>Z</value>
      <footprint>MX_Only:MXOnly-1U-Hotswap</footprint>
      <libsource lib="MX_Alps_Hybrid" part="MX-NoLED" description=""/>
      <sheetpath names="/" tstamps="/"/>
      <tstamp>5E2CFCE6</tstamp>
    </comp>
    <comp ref="MX3">
      <value>W</value>
      <footprint>MX_Only:MXOnly-1U-Hotswap</footprint>
      <libsource lib="MX_Alps_Hybrid" part="MX-NoLED" description=""/>
      <sheetpath names="/" tstamps="/"/>
      <tstamp>5E2B82C0</tstamp>
    </comp>
    <comp ref="MX15">
      <value>S</value>
      <footprint>MX_Only:MXOnly-1U-Hotswap</footprint>
      <libsource lib="MX_Alps_Hybrid" part="MX-NoLED" description=""/>
      <sheetpath names="/" tstamps="/"/>
      <tstamp>5E2C894E</tstamp>
    </comp>
    <comp ref="MX27">
      <value>X</value>
      <footprint>MX_Only:MXOnly-1U-Hotswap</footprint>
      <libsource lib="MX_Alps_Hybrid" part="MX-NoLED" description=""/>
      <sheetpath names="/" tstamps="/"/>
      <tstamp>5E2CFCF3</tstamp>
    </comp>
    <comp ref="MX37">
      <value>ALT</value>
      <footprint>MX_Only:MXOnly-1U-Hotswap</footprint>
      <libsource lib="MX_Alps_Hybrid" part="MX-NoLED" description=""/>
      <sheetpath names="/" tstamps="/"/>
      <tstamp>5E2D6778</tstamp>
    </comp>
    <comp ref="MX4">
      <value>E</value>
      <footprint>MX_Only:MXOnly-1U-Hotswap</footprint>
      <libsource lib="MX_Alps_Hybrid" part="MX-NoLED" description=""/>
      <sheetpath names="/" tstamps="/"/>
      <tstamp>5E2B82CD</tstamp>
    </comp>
    <comp ref="MX16">
      <value>D</value>
      <footprint>MX_Only:MXOnly-1U-Hotswap</footprint>
      <libsource lib="MX_Alps_Hybrid" part="MX-NoLED" description=""/>
      <sheetpath names="/" tstamps="/"/>
      <tstamp>5E2C895B</tstamp>
    </comp>
    <comp ref="MX28">
      <value>C</value>
      <footprint>MX_Only:MXOnly-1U-Hotswap</footprint>
      <libsource lib="MX_Alps_Hybrid" part="MX-NoLED" description=""/>
      <sheetpath names="/" tstamps="/"/>
      <tstamp>5E2CFD00</tstamp>
    </comp>
    <comp ref="MX38">
      <value>GUI</value>
      <footprint>MX_Only:MXOnly-1U-Hotswap</footprint>
      <libsource lib="MX_Alps_Hybrid" part="MX-NoLED" description=""/>
      <sheetpath names="/" tstamps="/"/>
      <tstamp>5E2D6785</tstamp>
    </comp>
    <comp ref="MX5">
      <value>R</value>
      <footprint>MX_Only:MXOnly-1U-Hotswap</footprint>
      <libsource lib="MX_Alps_Hybrid" part="MX-NoLED" description=""/>
      <sheetpath names="/" tstamps="/"/>
      <tstamp>5E2BB1A2</tstamp>
    </comp>
    <comp ref="MX17">
      <value>F</value>
      <footprint>MX_Only:MXOnly-1U-Hotswap</footprint>
      <libsource lib="MX_Alps_Hybrid" part="MX-NoLED" description=""/>
      <sheetpath names="/" tstamps="/"/>
      <tstamp>5E2C8968</tstamp>
    </comp>
    <comp ref="MX29">
      <value>V</value>
      <footprint>MX_Only:MXOnly-1U-Hotswap</footprint>
      <libsource lib="MX_Alps_Hybrid" part="MX-NoLED" description=""/>
      <sheetpath names="/" tstamps="/"/>
      <tstamp>5E2CFD0D</tstamp>
    </comp>
    <comp ref="MX39">
      <value>L_BAR</value>
      <footprint>MX_Only:MXOnly-2.25U-Hotswap</footprint>
      <libsource lib="MX_Alps_Hybrid" part="MX-NoLED" description=""/>
      <sheetpath names="/" tstamps="/"/>
      <tstamp>5E2D6792</tstamp>
    </comp>
    <comp ref="MX6">
      <value>T</value>
      <footprint>MX_Only:MXOnly-1U-Hotswap</footprint>
      <libsource lib="MX_Alps_Hybrid" part="MX-NoLED" description=""/>
      <sheetpath names="/" tstamps="/"/>
      <tstamp>5E2BB1AF</tstamp>
    </comp>
    <comp ref="MX18">
      <value>G</value>
      <footprint>MX_Only:MXOnly-1U-Hotswap</footprint>
      <libsource lib="MX_Alps_Hybrid" part="MX-NoLED" description=""/>
      <sheetpath names="/" tstamps="/"/>
      <tstamp>5E2C8975</tstamp>
    </comp>
    <comp ref="MX30">
      <value>B</value>
      <footprint>MX_Only:MXOnly-1U-Hotswap</footprint>
      <libsource lib="MX_Alps_Hybrid" part="MX-NoLED" description=""/>
      <sheetpath names="/" tstamps="/"/>
      <tstamp>5E2CFD1A</tstamp>
    </comp>
    <comp ref="MX7">
      <value>Y</value>
      <footprint>MX_Only:MXOnly-1U-Hotswap</footprint>
      <libsource lib="MX_Alps_Hybrid" part="MX-NoLED" description=""/>
      <sheetpath names="/" tstamps="/"/>
      <tstamp>5E2BB1BC</tstamp>
    </comp>
    <comp ref="MX19">
      <value>H</value>
      <footprint>MX_Only:MXOnly-1U-Hotswap</footprint>
      <libsource lib="MX_Alps_Hybrid" part="MX-NoLED" description=""/>
      <sheetpath names="/" tstamps="/"/>
      <tstamp>5E2C8982</tstamp>
    </comp>
    <comp ref="MX31">
      <value>N</value>
      <footprint>MX_Only:MXOnly-1U-Hotswap</footprint>
      <libsource lib="MX_Alps_Hybrid" part="MX-NoLED" description=""/>
      <sheetpath names="/" tstamps="/"/>
      <tstamp>5E2CFD27</tstamp>
    </comp>
    <comp ref="MX40">
      <value>R_BAR</value>
      <footprint>MX_Only:MXOnly-2.75U-Hotswap</footprint>
      <libsource lib="MX_Alps_Hybrid" part="MX-NoLED" description=""/>
      <sheetpath names="/" tstamps="/"/>
      <tstamp>5E2D679F</tstamp>
    </comp>
    <comp ref="MX8">
      <value>U</value>
      <footprint>MX_Only:MXOnly-1U-Hotswap</footprint>
      <libsource lib="MX_Alps_Hybrid" part="MX-NoLED" description=""/>
      <sheetpath names="/" tstamps="/"/>
      <tstamp>5E2BB1C9</tstamp>
    </comp>
    <comp ref="MX20">
      <value>J</value>
      <footprint>MX_Only:MXOnly-1U-Hotswap</footprint>
      <libsource lib="MX_Alps_Hybrid" part="MX-NoLED" description=""/>
      <sheetpath names="/" tstamps="/"/>
      <tstamp>5E2C898F</tstamp>
    </comp>
    <comp ref="MX32">
      <value>M</value>
      <footprint>MX_Only:MXOnly-1U-Hotswap</footprint>
      <libsource lib="MX_Alps_Hybrid" part="MX-NoLED" description=""/>
      <sheetpath names="/" tstamps="/"/>
      <tstamp>5E2CFD34</tstamp>
    </comp>
    <comp ref="MX41">
      <value>LEFT</value>
      <footprint>MX_Only:MXOnly-1U-Hotswap</footprint>
      <libsource lib="MX_Alps_Hybrid" part="MX-NoLED" description=""/>
      <sheetpath names="/" tstamps="/"/>
      <tstamp>5E2D67AC</tstamp>
    </comp>
    <comp ref="MX9">
      <value>I</value>
      <footprint>MX_Only:MXOnly-1U-Hotswap</footprint>
      <libsource lib="MX_Alps_Hybrid" part="MX-NoLED" description=""/>
      <sheetpath names="/" tstamps="/"/>
      <tstamp>5E2BF006</tstamp>
    </comp>
    <comp ref="MX21">
      <value>K</value>
      <footprint>MX_Only:MXOnly-1U-Hotswap</footprint>
      <libsource lib="MX_Alps_Hybrid" part="MX-NoLED" description=""/>
      <sheetpath names="/" tstamps="/"/>
      <tstamp>5E2C899C</tstamp>
    </comp>
    <comp ref="MX33">
      <value>,</value>
      <footprint>MX_Only:MXOnly-1U-Hotswap</footprint>
      <libsource lib="MX_Alps_Hybrid" part="MX-NoLED" description=""/>
      <sheetpath names="/" tstamps="/"/>
      <tstamp>5E2CFD41</tstamp>
    </comp>
    <comp ref="MX42">
      <value>DOWN</value>
      <footprint>MX_Only:MXOnly-1U-Hotswap</footprint>
      <libsource lib="MX_Alps_Hybrid" part="MX-NoLED" description=""/>
      <sheetpath names="/" tstamps="/"/>
      <tstamp>5E2D67B9</tstamp>
    </comp>
    <comp ref="MX10">
      <value>O</value>
      <footprint>MX_Only:MXOnly-1U-Hotswap</footprint>
      <libsource lib="MX_Alps_Hybrid" part="MX-NoLED" description=""/>
      <sheetpath names="/" tstamps="/"/>
      <tstamp>5E2BF013</tstamp>
    </comp>
    <comp ref="MX22">
      <value>L</value>
      <footprint>MX_Only:MXOnly-1U-Hotswap</footprint>
      <libsource lib="MX_Alps_Hybrid" part="MX-NoLED" description=""/>
      <sheetpath names="/" tstamps="/"/>
      <tstamp>5E2C89A9</tstamp>
    </comp>
    <comp ref="MX34">
      <value>UP</value>
      <footprint>MX_Only:MXOnly-1U-Hotswap</footprint>
      <libsource lib="MX_Alps_Hybrid" part="MX-NoLED" description=""/>
      <sheetpath names="/" tstamps="/"/>
      <tstamp>5E2CFD4E</tstamp>
    </comp>
    <comp ref="MX43">
      <value>RIGHT</value>
      <footprint>MX_Only:MXOnly-1U-Hotswap</footprint>
      <libsource lib="MX_Alps_Hybrid" part="MX-NoLED" description=""/>
      <sheetpath names="/" tstamps="/"/>
      <tstamp>5E2D67C6</tstamp>
    </comp>
    <comp ref="MX11">
      <value>P</value>
      <footprint>MX_Only:MXOnly-1U-Hotswap</footprint>
      <libsource lib="MX_Alps_Hybrid" part="MX-NoLED" description=""/>
      <sheetpath names="/" tstamps="/"/>
      <tstamp>5E2BF020</tstamp>
    </comp>
    <comp ref="MX23">
      <value>;</value>
      <footprint>MX_Only:MXOnly-1U-Hotswap</footprint>
      <libsource lib="MX_Alps_Hybrid" part="MX-NoLED" description=""/>
      <sheetpath names="/" tstamps="/"/>
      <tstamp>5E2C89B6</tstamp>
    </comp>
    <comp ref="MX35">
      <value>R_SHIFT</value>
      <footprint>MX_Only:MXOnly-1.75U-Hotswap</footprint>
      <libsource lib="MX_Alps_Hybrid" part="MX-NoLED" description=""/>
      <sheetpath names="/" tstamps="/"/>
      <tstamp>5E2CFD5B</tstamp>
    </comp>
    <comp ref="MX12">
      <value>BS</value>
      <footprint>MX_Only:MXOnly-1.5U-Hotswap</footprint>
      <libsource lib="MX_Alps_Hybrid" part="MX-NoLED" description=""/>
      <sheetpath names="/" tstamps="/"/>
      <tstamp>5E2BF02D</tstamp>
    </comp>
    <comp ref="MX24">
      <value>ENTER</value>
      <footprint>MX_Only:MXOnly-1.25U-Hotswap</footprint>
      <libsource lib="MX_Alps_Hybrid" part="MX-NoLED" description=""/>
      <sheetpath names="/" tstamps="/"/>
      <tstamp>5E2C89C3</tstamp>
    </comp>
    <comp ref="U2">
      <value>PRTR5V0U2X</value>
      <footprint>random-keyboard-parts:SOT143B</footprint>
      <libsource lib="random-keyboard-parts" part="PRTR5V0U2X" description=""/>
      <sheetpath names="/" tstamps="/"/>
      <tstamp>5E238E65</tstamp>
    </comp>
    <comp ref="RGB1">
      <value>WS2812B</value>
      <footprint>random-keyboard-parts:WS2812BReverseRGB-6028</footprint>
      <datasheet>https://cdn-shop.adafruit.com/datasheets/WS2812B.pdf</datasheet>
      <libsource lib="Dimple_pcb-rescue" part="WS2812B-LED" description=""/>
      <sheetpath names="/" tstamps="/"/>
      <tstamp>5DF3ADA5</tstamp>
    </comp>
    <comp ref="RGB2">
      <value>WS2812B</value>
      <footprint>random-keyboard-parts:WS2812BReverseRGB-6028</footprint>
      <datasheet>https://cdn-shop.adafruit.com/datasheets/WS2812B.pdf</datasheet>
      <libsource lib="Dimple_pcb-rescue" part="WS2812B-LED" description=""/>
      <sheetpath names="/" tstamps="/"/>
      <tstamp>5DF3BB53</tstamp>
    </comp>
    <comp ref="RGB3">
      <value>WS2812B</value>
      <footprint>random-keyboard-parts:WS2812BReverseRGB-6028</footprint>
      <datasheet>https://cdn-shop.adafruit.com/datasheets/WS2812B.pdf</datasheet>
      <libsource lib="Dimple_pcb-rescue" part="WS2812B-LED" description=""/>
      <sheetpath names="/" tstamps="/"/>
      <tstamp>5DF7ECFF</tstamp>
    </comp>
    <comp ref="RGB4">
      <value>WS2812B</value>
      <footprint>random-keyboard-parts:WS2812BReverseRGB-6028</footprint>
      <datasheet>https://cdn-shop.adafruit.com/datasheets/WS2812B.pdf</datasheet>
      <libsource lib="Dimple_pcb-rescue" part="WS2812B-LED" description=""/>
      <sheetpath names="/" tstamps="/"/>
      <tstamp>5DF7ED12</tstamp>
    </comp>
    <comp ref="RGB5">
      <value>WS2812B</value>
      <footprint>random-keyboard-parts:WS2812BReverseRGB-6028</footprint>
      <datasheet>https://cdn-shop.adafruit.com/datasheets/WS2812B.pdf</datasheet>
      <libsource lib="Dimple_pcb-rescue" part="WS2812B-LED" description=""/>
      <sheetpath names="/" tstamps="/"/>
      <tstamp>5EF79868</tstamp>
    </comp>
    <comp ref="RGB6">
      <value>WS2812B</value>
      <footprint>random-keyboard-parts:WS2812BReverseRGB-6028</footprint>
      <datasheet>https://cdn-shop.adafruit.com/datasheets/WS2812B.pdf</datasheet>
      <libsource lib="Dimple_pcb-rescue" part="WS2812B-LED" description=""/>
      <sheetpath names="/" tstamps="/"/>
      <tstamp>5EF798BE</tstamp>
    </comp>
    <comp ref="RGB7">
      <value>WS2812B</value>
      <footprint>random-keyboard-parts:WS2812BReverseRGB-6028</footprint>
      <datasheet>https://cdn-shop.adafruit.com/datasheets/WS2812B.pdf</datasheet>
      <libsource lib="Dimple_pcb-rescue" part="WS2812B-LED" description=""/>
      <sheetpath names="/" tstamps="/"/>
      <tstamp>5EF7980E</tstamp>
    </comp>
    <comp ref="RGB8">
      <value>WS2812B</value>
      <footprint>random-keyboard-parts:WS2812BReverseRGB-6028</footprint>
      <datasheet>https://cdn-shop.adafruit.com/datasheets/WS2812B.pdf</datasheet>
      <libsource lib="Dimple_pcb-rescue" part="WS2812B-LED" description=""/>
      <sheetpath names="/" tstamps="/"/>
      <tstamp>5EF28894</tstamp>
    </comp>
    <comp ref="RGB9">
      <value>WS2812B</value>
      <footprint>random-keyboard-parts:WS2812BReverseRGB-6028</footprint>
      <datasheet>https://cdn-shop.adafruit.com/datasheets/WS2812B.pdf</datasheet>
      <libsource lib="Dimple_pcb-rescue" part="WS2812B-LED" description=""/>
      <sheetpath names="/" tstamps="/"/>
      <tstamp>5EF287AD</tstamp>
    </comp>
    <comp ref="RGB10">
      <value>WS2812B</value>
      <footprint>random-keyboard-parts:WS2812BReverseRGB-6028</footprint>
      <datasheet>https://cdn-shop.adafruit.com/datasheets/WS2812B.pdf</datasheet>
      <libsource lib="Dimple_pcb-rescue" part="WS2812B-LED" description=""/>
      <sheetpath names="/" tstamps="/"/>
      <tstamp>5EF28803</tstamp>
    </comp>
    <comp ref="RGB11">
      <value>WS2812B</value>
      <footprint>random-keyboard-parts:WS2812BReverseRGB-6028</footprint>
      <datasheet>https://cdn-shop.adafruit.com/datasheets/WS2812B.pdf</datasheet>
      <libsource lib="Dimple_pcb-rescue" part="WS2812B-LED" description=""/>
      <sheetpath names="/" tstamps="/"/>
      <tstamp>5EFE0C80</tstamp>
    </comp>
    <comp ref="RGB12">
      <value>WS2812B</value>
      <footprint>random-keyboard-parts:WS2812BReverseRGB-6028</footprint>
      <datasheet>https://cdn-shop.adafruit.com/datasheets/WS2812B.pdf</datasheet>
      <libsource lib="Dimple_pcb-rescue" part="WS2812B-LED" description=""/>
      <sheetpath names="/" tstamps="/"/>
      <tstamp>5EFE0CD6</tstamp>
    </comp>
    <comp ref="RGB13">
      <value>WS2812B</value>
      <footprint>random-keyboard-parts:WS2812BReverseRGB-6028</footprint>
      <datasheet>https://cdn-shop.adafruit.com/datasheets/WS2812B.pdf</datasheet>
      <libsource lib="Dimple_pcb-rescue" part="WS2812B-LED" description=""/>
      <sheetpath names="/" tstamps="/"/>
      <tstamp>5EFE0B5C</tstamp>
    </comp>
    <comp ref="RGB14">
      <value>WS2812B</value>
      <footprint>random-keyboard-parts:WS2812BReverseRGB-6028</footprint>
      <datasheet>https://cdn-shop.adafruit.com/datasheets/WS2812B.pdf</datasheet>
      <libsource lib="Dimple_pcb-rescue" part="WS2812B-LED" description=""/>
      <sheetpath names="/" tstamps="/"/>
      <tstamp>5EFE0BB2</tstamp>
    </comp>
    <comp ref="RGB15">
      <value>WS2812B</value>
      <footprint>random-keyboard-parts:WS2812BReverseRGB-6028</footprint>
      <datasheet>https://cdn-shop.adafruit.com/datasheets/WS2812B.pdf</datasheet>
      <libsource lib="Dimple_pcb-rescue" part="WS2812B-LED" description=""/>
      <sheetpath names="/" tstamps="/"/>
      <tstamp>5EFE09A2</tstamp>
    </comp>
    <comp ref="RGB16">
      <value>WS2812B</value>
      <footprint>random-keyboard-parts:WS2812BReverseRGB-6028</footprint>
      <datasheet>https://cdn-shop.adafruit.com/datasheets/WS2812B.pdf</datasheet>
      <libsource lib="Dimple_pcb-rescue" part="WS2812B-LED" description=""/>
      <sheetpath names="/" tstamps="/"/>
      <tstamp>5EFE059E</tstamp>
    </comp>
    <comp ref="RGB17">
      <value>WS2812B</value>
      <footprint>random-keyboard-parts:WS2812BReverseRGB-6028</footprint>
      <datasheet>https://cdn-shop.adafruit.com/datasheets/WS2812B.pdf</datasheet>
      <libsource lib="Dimple_pcb-rescue" part="WS2812B-LED" description=""/>
      <sheetpath names="/" tstamps="/"/>
      <tstamp>5EFE05F4</tstamp>
    </comp>
    <comp ref="RGB18">
      <value>WS2812B</value>
      <footprint>random-keyboard-parts:WS2812BReverseRGB-6028</footprint>
      <datasheet>https://cdn-shop.adafruit.com/datasheets/WS2812B.pdf</datasheet>
      <libsource lib="Dimple_pcb-rescue" part="WS2812B-LED" description=""/>
      <sheetpath names="/" tstamps="/"/>
      <tstamp>5EFE0854</tstamp>
    </comp>
    <comp ref="RGB19">
      <value>WS2812B</value>
      <footprint>random-keyboard-parts:WS2812BReverseRGB-6028</footprint>
      <datasheet>https://cdn-shop.adafruit.com/datasheets/WS2812B.pdf</datasheet>
      <libsource lib="Dimple_pcb-rescue" part="WS2812B-LED" description=""/>
      <sheetpath names="/" tstamps="/"/>
      <tstamp>5EFE07C7</tstamp>
    </comp>
    <comp ref="RGB20">
      <value>WS2812B</value>
      <footprint>random-keyboard-parts:WS2812BReverseRGB-6028</footprint>
      <datasheet>https://cdn-shop.adafruit.com/datasheets/WS2812B.pdf</datasheet>
      <libsource lib="Dimple_pcb-rescue" part="WS2812B-LED" description=""/>
      <sheetpath names="/" tstamps="/"/>
      <tstamp>5EFE0730</tstamp>
    </comp>
    <comp ref="RGB21">
      <value>WS2812B</value>
      <footprint>random-keyboard-parts:WS2812BReverseRGB-6028</footprint>
      <datasheet>https://cdn-shop.adafruit.com/datasheets/WS2812B.pdf</datasheet>
      <libsource lib="Dimple_pcb-rescue" part="WS2812B-LED" description=""/>
      <sheetpath names="/" tstamps="/"/>
      <tstamp>5F036D12</tstamp>
    </comp>
    <comp ref="RGB22">
      <value>WS2812B</value>
      <footprint>random-keyboard-parts:WS2812BReverseRGB-6028</footprint>
      <datasheet>https://cdn-shop.adafruit.com/datasheets/WS2812B.pdf</datasheet>
      <libsource lib="Dimple_pcb-rescue" part="WS2812B-LED" description=""/>
      <sheetpath names="/" tstamps="/"/>
      <tstamp>5F036D68</tstamp>
    </comp>
    <comp ref="RGB23">
      <value>WS2812B</value>
      <footprint>random-keyboard-parts:WS2812BReverseRGB-6028</footprint>
      <datasheet>https://cdn-shop.adafruit.com/datasheets/WS2812B.pdf</datasheet>
      <libsource lib="Dimple_pcb-rescue" part="WS2812B-LED" description=""/>
      <sheetpath names="/" tstamps="/"/>
      <tstamp>5F036DF7</tstamp>
    </comp>
    <comp ref="RGB24">
      <value>WS2812B</value>
      <footprint>random-keyboard-parts:WS2812BReverseRGB-6028</footprint>
      <datasheet>https://cdn-shop.adafruit.com/datasheets/WS2812B.pdf</datasheet>
      <libsource lib="Dimple_pcb-rescue" part="WS2812B-LED" description=""/>
      <sheetpath names="/" tstamps="/"/>
      <tstamp>5F036E4D</tstamp>
    </comp>
    <comp ref="RGB25">
      <value>WS2812B</value>
      <footprint>random-keyboard-parts:WS2812BReverseRGB-6028</footprint>
      <datasheet>https://cdn-shop.adafruit.com/datasheets/WS2812B.pdf</datasheet>
      <libsource lib="Dimple_pcb-rescue" part="WS2812B-LED" description=""/>
      <sheetpath names="/" tstamps="/"/>
      <tstamp>5F03670B</tstamp>
    </comp>
    <comp ref="RGB26">
      <value>WS2812B</value>
      <footprint>random-keyboard-parts:WS2812BReverseRGB-6028</footprint>
      <datasheet>https://cdn-shop.adafruit.com/datasheets/WS2812B.pdf</datasheet>
      <libsource lib="Dimple_pcb-rescue" part="WS2812B-LED" description=""/>
      <sheetpath names="/" tstamps="/"/>
      <tstamp>5F036761</tstamp>
    </comp>
    <comp ref="RGB27">
      <value>WS2812B</value>
      <footprint>random-keyboard-parts:WS2812BReverseRGB-6028</footprint>
      <datasheet>https://cdn-shop.adafruit.com/datasheets/WS2812B.pdf</datasheet>
      <libsource lib="Dimple_pcb-rescue" part="WS2812B-LED" description=""/>
      <sheetpath names="/" tstamps="/"/>
      <tstamp>5F036914</tstamp>
    </comp>
    <comp ref="RGB28">
      <value>WS2812B</value>
      <footprint>random-keyboard-parts:WS2812BReverseRGB-6028</footprint>
      <datasheet>https://cdn-shop.adafruit.com/datasheets/WS2812B.pdf</datasheet>
      <libsource lib="Dimple_pcb-rescue" part="WS2812B-LED" description=""/>
      <sheetpath names="/" tstamps="/"/>
      <tstamp>5F03696A</tstamp>
    </comp>
    <comp ref="RGB29">
      <value>WS2812B</value>
      <footprint>random-keyboard-parts:WS2812BReverseRGB-6028</footprint>
      <datasheet>https://cdn-shop.adafruit.com/datasheets/WS2812B.pdf</datasheet>
      <libsource lib="Dimple_pcb-rescue" part="WS2812B-LED" description=""/>
      <sheetpath names="/" tstamps="/"/>
      <tstamp>5F0367BB</tstamp>
    </comp>
    <comp ref="RGB30">
      <value>WS2812B</value>
      <footprint>random-keyboard-parts:WS2812BReverseRGB-6028</footprint>
      <datasheet>https://cdn-shop.adafruit.com/datasheets/WS2812B.pdf</datasheet>
      <libsource lib="Dimple_pcb-rescue" part="WS2812B-LED" description=""/>
      <sheetpath names="/" tstamps="/"/>
      <tstamp>5F036883</tstamp>
    </comp>
    <comp ref="RGB31">
      <value>WS2812B</value>
      <footprint>random-keyboard-parts:WS2812BReverseRGB-6028</footprint>
      <datasheet>https://cdn-shop.adafruit.com/datasheets/WS2812B.pdf</datasheet>
      <libsource lib="Dimple_pcb-rescue" part="WS2812B-LED" description=""/>
      <sheetpath names="/" tstamps="/"/>
      <tstamp>5F085A5D</tstamp>
    </comp>
    <comp ref="RGB32">
      <value>WS2812B</value>
      <footprint>random-keyboard-parts:WS2812BReverseRGB-6028</footprint>
      <datasheet>https://cdn-shop.adafruit.com/datasheets/WS2812B.pdf</datasheet>
      <libsource lib="Dimple_pcb-rescue" part="WS2812B-LED" description=""/>
      <sheetpath names="/" tstamps="/"/>
      <tstamp>5F0859D0</tstamp>
    </comp>
    <comp ref="RGB33">
      <value>WS2812B</value>
      <footprint>random-keyboard-parts:WS2812BReverseRGB-6028</footprint>
      <datasheet>https://cdn-shop.adafruit.com/datasheets/WS2812B.pdf</datasheet>
      <libsource lib="Dimple_pcb-rescue" part="WS2812B-LED" description=""/>
      <sheetpath names="/" tstamps="/"/>
      <tstamp>5F085C18</tstamp>
    </comp>
    <comp ref="RGB34">
      <value>WS2812B</value>
      <footprint>random-keyboard-parts:WS2812BReverseRGB-6028</footprint>
      <datasheet>https://cdn-shop.adafruit.com/datasheets/WS2812B.pdf</datasheet>
      <libsource lib="Dimple_pcb-rescue" part="WS2812B-LED" description=""/>
      <sheetpath names="/" tstamps="/"/>
      <tstamp>5F085B4A</tstamp>
    </comp>
    <comp ref="RGB35">
      <value>WS2812B</value>
      <footprint>random-keyboard-parts:WS2812BReverseRGB-6028</footprint>
      <datasheet>https://cdn-shop.adafruit.com/datasheets/WS2812B.pdf</datasheet>
      <libsource lib="Dimple_pcb-rescue" part="WS2812B-LED" description=""/>
      <sheetpath names="/" tstamps="/"/>
      <tstamp>5F085AF4</tstamp>
    </comp>
    <comp ref="RGB36">
      <value>WS2812B</value>
      <footprint>random-keyboard-parts:WS2812BReverseRGB-6028</footprint>
      <datasheet>https://cdn-shop.adafruit.com/datasheets/WS2812B.pdf</datasheet>
      <libsource lib="Dimple_pcb-rescue" part="WS2812B-LED" description=""/>
      <sheetpath names="/" tstamps="/"/>
      <tstamp>5F085F52</tstamp>
    </comp>
    <comp ref="RGB37">
      <value>WS2812B</value>
      <footprint>random-keyboard-parts:WS2812BReverseRGB-6028</footprint>
      <datasheet>https://cdn-shop.adafruit.com/datasheets/WS2812B.pdf</datasheet>
      <libsource lib="Dimple_pcb-rescue" part="WS2812B-LED" description=""/>
      <sheetpath names="/" tstamps="/"/>
      <tstamp>5F085FDF</tstamp>
    </comp>
    <comp ref="RGB38">
      <value>WS2812B</value>
      <footprint>random-keyboard-parts:WS2812BReverseRGB-6028</footprint>
      <datasheet>https://cdn-shop.adafruit.com/datasheets/WS2812B.pdf</datasheet>
      <libsource lib="Dimple_pcb-rescue" part="WS2812B-LED" description=""/>
      <sheetpath names="/" tstamps="/"/>
      <tstamp>5F085CE8</tstamp>
    </comp>
    <comp ref="RGB39">
      <value>WS2812B</value>
      <footprint>random-keyboard-parts:WS2812BReverseRGB-6028</footprint>
      <datasheet>https://cdn-shop.adafruit.com/datasheets/WS2812B.pdf</datasheet>
      <libsource lib="Dimple_pcb-rescue" part="WS2812B-LED" description=""/>
      <sheetpath names="/" tstamps="/"/>
      <tstamp>5F085EA2</tstamp>
    </comp>
    <comp ref="RGB40">
      <value>WS2812B</value>
      <footprint>random-keyboard-parts:WS2812BReverseRGB-6028</footprint>
      <datasheet>https://cdn-shop.adafruit.com/datasheets/WS2812B.pdf</datasheet>
      <libsource lib="Dimple_pcb-rescue" part="WS2812B-LED" description=""/>
      <sheetpath names="/" tstamps="/"/>
      <tstamp>5F085EF8</tstamp>
    </comp>
    <comp ref="RGB41">
      <value>WS2812B</value>
      <footprint>random-keyboard-parts:WS2812BReverseRGB-6028</footprint>
      <datasheet>https://cdn-shop.adafruit.com/datasheets/WS2812B.pdf</datasheet>
      <libsource lib="Dimple_pcb-rescue" part="WS2812B-LED" description=""/>
      <sheetpath names="/" tstamps="/"/>
      <tstamp>5F3101D9</tstamp>
    </comp>
    <comp ref="RGB42">
      <value>WS2812B</value>
      <footprint>random-keyboard-parts:WS2812BReverseRGB-6028</footprint>
      <datasheet>https://cdn-shop.adafruit.com/datasheets/WS2812B.pdf</datasheet>
      <libsource lib="Dimple_pcb-rescue" part="WS2812B-LED" description=""/>
      <sheetpath names="/" tstamps="/"/>
      <tstamp>5F31022F</tstamp>
    </comp>
    <comp ref="RGB43">
      <value>WS2812B</value>
      <footprint>random-keyboard-parts:WS2812BReverseRGB-6028</footprint>
      <datasheet>https://cdn-shop.adafruit.com/datasheets/WS2812B.pdf</datasheet>
      <libsource lib="Dimple_pcb-rescue" part="WS2812B-LED" description=""/>
      <sheetpath names="/" tstamps="/"/>
      <tstamp>5F31005E</tstamp>
    </comp>
    <comp ref="USB1">
      <value>HRO-TYPE-C-31-M-12</value>
      <footprint>Type-C:HRO-TYPE-C-31-M-12</footprint>
      <libsource lib="Type-C" part="HRO-TYPE-C-31-M-12" description=""/>
      <sheetpath names="/" tstamps="/"/>
      <tstamp>5E02570B</tstamp>
    </comp>
    <comp ref="U1">
      <value>ATmega32U4-MU</value>
      <footprint>Package_DFN_QFN:QFN-44-1EP_7x7mm_P0.5mm_EP5.2x5.2mm</footprint>
      <datasheet>http://ww1.microchip.com/downloads/en/DeviceDoc/Atmel-7766-8-bit-AVR-ATmega16U4-32U4_Datasheet.pdf</datasheet>
      <libsource lib="Dimple_pcb-rescue" part="ATmega32U4-MU-MCU_Microchip_ATmega" description=""/>
      <sheetpath names="/" tstamps="/"/>
      <tstamp>5E0C28E4</tstamp>
    </comp>
  </components>
  <libparts>
    <libpart lib="Dimple_pcb-rescue" part="ATmega32U4-MU-MCU_Microchip_ATmega">
      <footprints>
        <fp>QFN*1EP*7x7mm*P0.5mm*</fp>
      </footprints>
      <fields>
        <field name="Reference">U</field>
        <field name="Value">ATmega32U4-MU-MCU_Microchip_ATmega</field>
        <field name="Footprint">Package_DFN_QFN:QFN-44-1EP_7x7mm_P0.5mm_EP5.2x5.2mm</field>
      </fields>
      <pins>
        <pin num="1" name="PE6" type="3state"/>
        <pin num="2" name="UVCC" type="power_in"/>
        <pin num="3" name="D-" type="BiDi"/>
        <pin num="4" name="D+" type="BiDi"/>
        <pin num="5" name="UGND" type="passive"/>
        <pin num="6" name="UCAP" type="passive"/>
        <pin num="7" name="VBUS" type="input"/>
        <pin num="8" name="PB0" type="3state"/>
        <pin num="9" name="PB1" type="3state"/>
        <pin num="10" name="PB2" type="3state"/>
        <pin num="11" name="PB3" type="3state"/>
        <pin num="12" name="PB7" type="3state"/>
        <pin num="13" name="~RESET" type="input"/>
        <pin num="14" name="VCC" type="power_in"/>
        <pin num="15" name="GND" type="power_in"/>
        <pin num="16" name="XTAL2" type="output"/>
        <pin num="17" name="XTAL1" type="input"/>
        <pin num="18" name="PD0" type="3state"/>
        <pin num="19" name="PD1" type="3state"/>
        <pin num="20" name="PD2" type="3state"/>
        <pin num="21" name="PD3" type="3state"/>
        <pin num="22" name="PD5" type="3state"/>
        <pin num="23" name="GND" type="passive"/>
        <pin num="24" name="AVCC" type="power_in"/>
        <pin num="25" name="PD4" type="3state"/>
        <pin num="26" name="PD6" type="3state"/>
        <pin num="27" name="PD7" type="3state"/>
        <pin num="28" name="PB4" type="3state"/>
        <pin num="29" name="PB5" type="3state"/>
        <pin num="30" name="PB6" type="3state"/>
        <pin num="31" name="PC6" type="3state"/>
        <pin num="32" name="PC7" type="3state"/>
        <pin num="33" name="~HWB~/PE2" type="3state"/>
        <pin num="34" name="VCC" type="passive"/>
        <pin num="35" name="GND" type="passive"/>
        <pin num="36" name="PF7" type="3state"/>
        <pin num="37" name="PF6" type="3state"/>
        <pin num="38" name="PF5" type="3state"/>
        <pin num="39" name="PF4" type="3state"/>
        <pin num="40" name="PF1" type="3state"/>
        <pin num="41" name="PF0" type="3state"/>
        <pin num="42" name="AREF" type="passive"/>
        <pin num="43" name="GND" type="passive"/>
        <pin num="44" name="AVCC" type="passive"/>
        <pin num="45" name="GND" type="passive"/>
      </pins>
    </libpart>
    <libpart lib="Dimple_pcb-rescue" part="C_Small-Device">
      <footprints>
        <fp>C_*</fp>
      </footprints>
      <fields>
        <field name="Reference">C</field>
        <field name="Value">C_Small-Device</field>
      </fields>
      <pins>
        <pin num="1" name="~" type="passive"/>
        <pin num="2" name="~" type="passive"/>
      </pins>
    </libpart>
    <libpart lib="Dimple_pcb-rescue" part="Crystal_GND24_Small-Device">
      <footprints>
        <fp>Crystal*</fp>
      </footprints>
      <fields>
        <field name="Reference">Y</field>
        <field name="Value">Crystal_GND24_Small-Device</field>
      </fields>
      <pins>
        <pin num="1" name="1" type="passive"/>
        <pin num="2" name="2" type="passive"/>
        <pin num="3" name="3" type="passive"/>
        <pin num="4" name="4" type="passive"/>
      </pins>
    </libpart>
    <libpart lib="Dimple_pcb-rescue" part="D_Small-Device">
      <footprints>
        <fp>TO-???*</fp>
        <fp>*_Diode_*</fp>
        <fp>*SingleDiode*</fp>
        <fp>D_*</fp>
      </footprints>
      <fields>
        <field name="Reference">D</field>
        <field name="Value">D_Small-Device</field>
      </fields>
      <pins>
        <pin num="1" name="K" type="passive"/>
        <pin num="2" name="A" type="passive"/>
      </pins>
    </libpart>
    <libpart lib="Dimple_pcb-rescue" part="Jumper_NO_Small-Device">
      <footprints>
        <fp>SolderJumper*Open*</fp>
        <fp>Jumper*</fp>
        <fp>TestPoint*2Pads*</fp>
        <fp>TestPoint*Bridge*</fp>
      </footprints>
      <fields>
        <field name="Reference">JP</field>
        <field name="Value">Jumper_NO_Small-Device</field>
      </fields>
      <pins>
        <pin num="1" name="1" type="passive"/>
        <pin num="2" name="2" type="passive"/>
      </pins>
    </libpart>
    <libpart lib="Dimple_pcb-rescue" part="Polyfuse_Small-Device">
      <footprints>
        <fp>*polyfuse*</fp>
        <fp>*PTC*</fp>
      </footprints>
      <fields>
        <field name="Reference">F</field>
        <field name="Value">Polyfuse_Small-Device</field>
      </fields>
      <pins>
        <pin num="1" name="~" type="passive"/>
        <pin num="2" name="~" type="passive"/>
      </pins>
    </libpart>
    <libpart lib="Dimple_pcb-rescue" part="R_Small-Device">
      <footprints>
        <fp>R_*</fp>
      </footprints>
      <fields>
        <field name="Reference">R</field>
        <field name="Value">R_Small-Device</field>
      </fields>
      <pins>
        <pin num="1" name="~" type="passive"/>
        <pin num="2" name="~" type="passive"/>
      </pins>
    </libpart>
    <libpart lib="Dimple_pcb-rescue" part="WS2812B-LED">
      <footprints>
        <fp>LED*WS2812*PLCC*5.0x5.0mm*P3.2mm*</fp>
      </footprints>
      <fields>
        <field name="Reference">D</field>
        <field name="Value">WS2812B-LED</field>
        <field name="Footprint">LED_SMD:LED_WS2812B_PLCC4_5.0x5.0mm_P3.2mm</field>
        <field name="Datasheet">https://cdn-shop.adafruit.com/datasheets/WS2812B.pdf</field>
      </fields>
      <pins>
        <pin num="1" name="VDD" type="power_in"/>
        <pin num="2" name="DOUT" type="output"/>
        <pin num="3" name="VSS" type="power_in"/>
        <pin num="4" name="DIN" type="input"/>
      </pins>
    </libpart>
    <libpart lib="MX_Alps_Hybrid" part="MX-NoLED">
      <fields>
        <field name="Reference">MX</field>
        <field name="Value">MX-NoLED</field>
      </fields>
      <pins>
        <pin num="1" name="COL" type="passive"/>
        <pin num="2" name="ROW" type="passive"/>
      </pins>
    </libpart>
    <libpart lib="Type-C" part="HRO-TYPE-C-31-M-12">
      <fields>
        <field name="Reference">USB</field>
        <field name="Value">HRO-TYPE-C-31-M-12</field>
      </fields>
      <pins>
        <pin num="1" name="GND" type="input"/>
        <pin num="2" name="VBUS" type="input"/>
        <pin num="3" name="SBU2" type="input"/>
        <pin num="4" name="CC1" type="input"/>
        <pin num="5" name="DN2" type="input"/>
        <pin num="6" name="DP1" type="input"/>
        <pin num="7" name="DN1" type="input"/>
        <pin num="8" name="DP2" type="input"/>
        <pin num="9" name="SBU1" type="input"/>
        <pin num="10" name="CC2" type="input"/>
        <pin num="11" name="VBUS" type="input"/>
        <pin num="12" name="GND" type="input"/>
        <pin num="13" name="SHIELD" type="input"/>
      </pins>
    </libpart>
    <libpart lib="random-keyboard-parts" part="PRTR5V0U2X">
      <fields>
        <field name="Reference">U</field>
        <field name="Value">PRTR5V0U2X</field>
      </fields>
      <pins>
        <pin num="1" name="GND" type="input"/>
        <pin num="2" name="IO1" type="input"/>
        <pin num="3" name="IO2" type="input"/>
        <pin num="4" name="VCC" type="input"/>
      </pins>
    </libpart>
  </libparts>
  <libraries>
    <library logical="Dimple_pcb-rescue">
      <uri>C:\Users\Ada\Desktop\Github\Dimple_R1Redo/Dimple_pcb-rescue.lib</uri>
    </library>
    <library logical="MX_Alps_Hybrid">
      <uri>C:\Users\Ada\Desktop\Github\Dimple_R1Redo/MX_Alps_Hybrid-master/Schematic Library/MX_Alps_Hybrid.lib</uri>
    </library>
    <library logical="Type-C">
      <uri>C:\Users\Ada\Desktop\Github\Dimple_R1Redo/Type-C.pretty/Type-C.lib</uri>
    </library>
    <library logical="random-keyboard-parts">
      <uri>C:\Users\Ada\Desktop\Github\Dimple_R1Redo/random-keyboard-parts.pretty-master/Schematic Library/random-keyboard-parts.lib</uri>
    </library>
  </libraries>
  <nets>
    <net code="1" name="Net-(R5-Pad1)">
      <node ref="USB1" pin="4"/>
      <node ref="R5" pin="1"/>
    </net>
    <net code="2" name="Net-(R6-Pad2)">
      <node ref="USB1" pin="10"/>
      <node ref="R6" pin="2"/>
    </net>
    <net code="3" name="GND">
      <node ref="CF31" pin="1"/>
      <node ref="RGB12" pin="3"/>
      <node ref="RGB11" pin="3"/>
      <node ref="RGB13" pin="3"/>
      <node ref="RGB14" pin="3"/>
      <node ref="USB1" pin="12"/>
      <node ref="U2" pin="1"/>
      <node ref="U1" pin="15"/>
      <node ref="U1" pin="23"/>
      <node ref="RGB20" pin="3"/>
      <node ref="U1" pin="5"/>
      <node ref="RGB21" pin="3"/>
      <node ref="RGB22" pin="3"/>
      <node ref="RGB23" pin="3"/>
      <node ref="RGB24" pin="3"/>
      <node ref="RGB25" pin="3"/>
      <node ref="RGB39" pin="3"/>
      <node ref="RGB38" pin="3"/>
      <node ref="RGB37" pin="3"/>
      <node ref="RGB40" pin="3"/>
      <node ref="RGB41" pin="3"/>
      <node ref="U1" pin="35"/>
      <node ref="RGB3" pin="3"/>
      <node ref="RGB2" pin="3"/>
      <node ref="USB1" pin="13"/>
      <node ref="U1" pin="43"/>
      <node ref="RGB1" pin="3"/>
      <node ref="U1" pin="45"/>
      <node ref="RGB35" pin="3"/>
      <node ref="RGB36" pin="3"/>
      <node ref="RGB26" pin="3"/>
      <node ref="RGB27" pin="3"/>
      <node ref="RGB42" pin="3"/>
      <node ref="RGB29" pin="3"/>
      <node ref="RGB30" pin="3"/>
      <node ref="RGB28" pin="3"/>
      <node ref="RGB19" pin="3"/>
      <node ref="RGB15" pin="3"/>
      <node ref="RGB9" pin="3"/>
      <node ref="RGB16" pin="3"/>
      <node ref="USB1" pin="1"/>
      <node ref="RGB18" pin="3"/>
      <node ref="RGB43" pin="3"/>
      <node ref="RGB17" pin="3"/>
      <node ref="RGB31" pin="3"/>
      <node ref="RGB32" pin="3"/>
      <node ref="RGB33" pin="3"/>
      <node ref="RGB10" pin="3"/>
      <node ref="RGB34" pin="3"/>
      <node ref="CF34" pin="1"/>
      <node ref="CF24" pin="1"/>
      <node ref="CF25" pin="1"/>
      <node ref="Y1" pin="4"/>
      <node ref="CF6" pin="1"/>
      <node ref="CF26" pin="1"/>
      <node ref="CF14" pin="1"/>
      <node ref="CF27" pin="1"/>
      <node ref="CF23" pin="1"/>
      <node ref="CF28" pin="1"/>
      <node ref="CF7" pin="1"/>
      <node ref="CF39" pin="1"/>
      <node ref="CF29" pin="1"/>
      <node ref="CF30" pin="1"/>
      <node ref="CF41" pin="1"/>
      <node ref="CF2" pin="1"/>
      <node ref="CF12" pin="1"/>
      <node ref="CF13" pin="1"/>
      <node ref="CF33" pin="1"/>
      <node ref="CF35" pin="1"/>
      <node ref="C2" pin="1"/>
      <node ref="CF40" pin="1"/>
      <node ref="C4" pin="2"/>
      <node ref="CF43" pin="1"/>
      <node ref="C5" pin="2"/>
      <node ref="C6" pin="2"/>
      <node ref="C1" pin="2"/>
      <node ref="CF22" pin="1"/>
      <node ref="Y1" pin="2"/>
      <node ref="CF36" pin="1"/>
      <node ref="R5" pin="2"/>
      <node ref="R6" pin="1"/>
      <node ref="CF37" pin="1"/>
      <node ref="CF42" pin="1"/>
      <node ref="R4" pin="1"/>
      <node ref="CF18" pin="1"/>
      <node ref="CF15" pin="1"/>
      <node ref="CF3" pin="1"/>
      <node ref="CF16" pin="1"/>
      <node ref="CF17" pin="1"/>
      <node ref="CF5" pin="1"/>
      <node ref="CF19" pin="1"/>
      <node ref="CF4" pin="1"/>
      <node ref="CF20" pin="1"/>
      <node ref="CF38" pin="1"/>
      <node ref="CF21" pin="1"/>
      <node ref="CF32" pin="1"/>
      <node ref="RGB7" pin="3"/>
      <node ref="CF11" pin="1"/>
      <node ref="CF9" pin="1"/>
      <node ref="CF1" pin="1"/>
      <node ref="RGB4" pin="3"/>
      <node ref="RGB6" pin="3"/>
      <node ref="CF8" pin="1"/>
      <node ref="JP1" pin="1"/>
      <node ref="C3" pin="1"/>
      <node ref="RGB5" pin="3"/>
      <node ref="C7" pin="2"/>
      <node ref="CF10" pin="1"/>
      <node ref="RGB8" pin="3"/>
    </net>
    <net code="4" name="ROW1">
      <node ref="D18" pin="1"/>
      <node ref="D14" pin="1"/>
      <node ref="D13" pin="1"/>
      <node ref="D19" pin="1"/>
      <node ref="D16" pin="1"/>
      <node ref="D15" pin="1"/>
      <node ref="D24" pin="1"/>
      <node ref="U1" pin="19"/>
      <node ref="D21" pin="1"/>
      <node ref="D23" pin="1"/>
      <node ref="D22" pin="1"/>
      <node ref="D20" pin="1"/>
      <node ref="D17" pin="1"/>
    </net>
    <net code="5" name="ROW0">
      <node ref="U1" pin="18"/>
      <node ref="D6" pin="1"/>
      <node ref="D7" pin="1"/>
      <node ref="D9" pin="1"/>
      <node ref="D10" pin="1"/>
      <node ref="D8" pin="1"/>
      <node ref="D5" pin="1"/>
      <node ref="D1" pin="1"/>
      <node ref="D11" pin="1"/>
      <node ref="D2" pin="1"/>
      <node ref="D3" pin="1"/>
      <node ref="D12" pin="1"/>
      <node ref="D4" pin="1"/>
    </net>
    <net code="6" name="ROW3">
      <node ref="D43" pin="1"/>
      <node ref="D42" pin="1"/>
      <node ref="D39" pin="1"/>
      <node ref="D40" pin="1"/>
      <node ref="U1" pin="21"/>
      <node ref="D36" pin="1"/>
      <node ref="D37" pin="1"/>
      <node ref="D38" pin="1"/>
      <node ref="D41" pin="1"/>
    </net>
    <net code="7" name="Net-(C2-Pad2)">
      <node ref="Y1" pin="3"/>
      <node ref="C2" pin="2"/>
      <node ref="U1" pin="16"/>
    </net>
    <net code="8" name="+5V">
      <node ref="RGB6" pin="1"/>
      <node ref="RGB10" pin="1"/>
      <node ref="RGB14" pin="1"/>
      <node ref="RGB5" pin="1"/>
      <node ref="RGB12" pin="1"/>
      <node ref="RGB4" pin="1"/>
      <node ref="RGB8" pin="1"/>
      <node ref="CF42" pin="2"/>
      <node ref="RGB11" pin="1"/>
      <node ref="CF43" pin="2"/>
      <node ref="RGB9" pin="1"/>
      <node ref="RGB13" pin="1"/>
      <node ref="RGB7" pin="1"/>
      <node ref="RGB2" pin="1"/>
      <node ref="RGB3" pin="1"/>
      <node ref="RGB1" pin="1"/>
      <node ref="RGB35" pin="1"/>
      <node ref="RGB36" pin="1"/>
      <node ref="RGB34" pin="1"/>
      <node ref="RGB26" pin="1"/>
      <node ref="RGB27" pin="1"/>
      <node ref="RGB28" pin="1"/>
      <node ref="RGB29" pin="1"/>
      <node ref="RGB30" pin="1"/>
      <node ref="RGB31" pin="1"/>
      <node ref="RGB16" pin="1"/>
      <node ref="RGB22" pin="1"/>
      <node ref="RGB24" pin="1"/>
      <node ref="CF9" pin="2"/>
      <node ref="CF13" pin="2"/>
      <node ref="CF12" pin="2"/>
      <node ref="RGB25" pin="1"/>
      <node ref="RGB15" pin="1"/>
      <node ref="CF2" pin="2"/>
      <node ref="CF11" pin="2"/>
      <node ref="CF10" pin="2"/>
      <node ref="CF8" pin="2"/>
      <node ref="RGB17" pin="1"/>
      <node ref="RGB18" pin="1"/>
      <node ref="CF1" pin="2"/>
      <node ref="C7" pin="1"/>
      <node ref="RGB19" pin="1"/>
      <node ref="R1" pin="1"/>
      <node ref="RGB20" pin="1"/>
      <node ref="RGB32" pin="1"/>
      <node ref="RGB33" pin="1"/>
      <node ref="F1" pin="1"/>
      <node ref="RGB23" pin="1"/>
      <node ref="CF23" pin="2"/>
      <node ref="CF28" pin="2"/>
      <node ref="RGB40" pin="1"/>
      <node ref="CF27" pin="2"/>
      <node ref="RGB41" pin="1"/>
      <node ref="RGB42" pin="1"/>
      <node ref="CF6" pin="2"/>
      <node ref="U1" pin="34"/>
      <node ref="CF25" pin="2"/>
      <node ref="CF24" pin="2"/>
      <node ref="CF7" pin="2"/>
      <node ref="CF5" pin="2"/>
      <node ref="C6" pin="1"/>
      <node ref="U1" pin="44"/>
      <node ref="CF18" pin="2"/>
      <node ref="C5" pin="1"/>
      <node ref="U1" pin="7"/>
      <node ref="CF3" pin="2"/>
      <node ref="CF21" pin="2"/>
      <node ref="CF20" pin="2"/>
      <node ref="RGB43" pin="1"/>
      <node ref="CF4" pin="2"/>
      <node ref="CF19" pin="2"/>
      <node ref="CF17" pin="2"/>
      <node ref="CF16" pin="2"/>
      <node ref="CF22" pin="2"/>
      <node ref="RGB21" pin="1"/>
      <node ref="CF15" pin="2"/>
      <node ref="RGB37" pin="1"/>
      <node ref="CF14" pin="2"/>
      <node ref="CF26" pin="2"/>
      <node ref="RGB38" pin="1"/>
      <node ref="CF30" pin="2"/>
      <node ref="CF29" pin="2"/>
      <node ref="RGB39" pin="1"/>
      <node ref="U1" pin="24"/>
      <node ref="CF38" pin="2"/>
      <node ref="CF37" pin="2"/>
      <node ref="U1" pin="14"/>
      <node ref="CF39" pin="2"/>
      <node ref="CF40" pin="2"/>
      <node ref="CF35" pin="2"/>
      <node ref="CF41" pin="2"/>
      <node ref="CF34" pin="2"/>
      <node ref="U1" pin="2"/>
      <node ref="CF33" pin="2"/>
      <node ref="CF36" pin="2"/>
      <node ref="C4" pin="1"/>
      <node ref="CF32" pin="2"/>
      <node ref="CF31" pin="2"/>
    </net>
    <net code="9" name="Net-(RGB29-Pad2)">
      <node ref="RGB29" pin="2"/>
      <node ref="RGB30" pin="4"/>
    </net>
    <net code="10" name="Net-(RGB27-Pad2)">
      <node ref="RGB27" pin="2"/>
      <node ref="RGB28" pin="4"/>
    </net>
    <net code="11" name="Net-(RGB35-Pad2)">
      <node ref="RGB35" pin="2"/>
      <node ref="RGB36" pin="4"/>
    </net>
    <net code="12" name="Net-(RGB34-Pad2)">
      <node ref="RGB35" pin="4"/>
      <node ref="RGB34" pin="2"/>
    </net>
    <net code="13" name="Net-(RGB18-Pad2)">
      <node ref="RGB18" pin="2"/>
      <node ref="RGB19" pin="4"/>
    </net>
    <net code="14" name="Net-(RGB16-Pad2)">
      <node ref="RGB16" pin="2"/>
      <node ref="RGB17" pin="4"/>
    </net>
    <net code="15" name="Net-(RGB15-Pad2)">
      <node ref="RGB16" pin="4"/>
      <node ref="RGB15" pin="2"/>
    </net>
    <net code="16" name="Net-(RGB24-Pad2)">
      <node ref="RGB24" pin="2"/>
      <node ref="RGB25" pin="4"/>
    </net>
    <net code="17" name="Net-(RGB23-Pad2)">
      <node ref="RGB24" pin="4"/>
      <node ref="RGB23" pin="2"/>
    </net>
    <net code="18" name="Net-(RGB19-Pad2)">
      <node ref="RGB20" pin="4"/>
      <node ref="RGB19" pin="2"/>
    </net>
    <net code="19" name="ROW2">
      <node ref="D31" pin="1"/>
      <node ref="D32" pin="1"/>
      <node ref="D35" pin="1"/>
      <node ref="D26" pin="1"/>
      <node ref="D28" pin="1"/>
      <node ref="D34" pin="1"/>
      <node ref="U1" pin="20"/>
      <node ref="D27" pin="1"/>
      <node ref="D30" pin="1"/>
      <node ref="D29" pin="1"/>
      <node ref="D25" pin="1"/>
      <node ref="D33" pin="1"/>
    </net>
    <net code="20" name="Net-(U1-Pad22)">
      <node ref="U1" pin="22"/>
    </net>
    <net code="21" name="Net-(JP1-Pad2)">
      <node ref="JP1" pin="2"/>
      <node ref="U1" pin="13"/>
      <node ref="R1" pin="2"/>
    </net>
    <net code="22" name="Net-(U1-Pad40)">
      <node ref="U1" pin="40"/>
    </net>
    <net code="23" name="COL1">
      <node ref="MX2" pin="1"/>
      <node ref="U1" pin="9"/>
      <node ref="MX14" pin="1"/>
      <node ref="MX26" pin="1"/>
    </net>
    <net code="24" name="COL0">
      <node ref="MX1" pin="1"/>
      <node ref="MX13" pin="1"/>
      <node ref="MX25" pin="1"/>
      <node ref="MX36" pin="1"/>
      <node ref="U1" pin="8"/>
    </net>
    <net code="25" name="Net-(C3-Pad2)">
      <node ref="U1" pin="6"/>
      <node ref="C3" pin="2"/>
    </net>
    <net code="26" name="Net-(U1-Pad42)">
      <node ref="U1" pin="42"/>
    </net>
    <net code="27" name="Net-(U1-Pad41)">
      <node ref="U1" pin="41"/>
    </net>
    <net code="28" name="Net-(U1-Pad39)">
      <node ref="U1" pin="39"/>
    </net>
    <net code="29" name="Net-(U1-Pad38)">
      <node ref="U1" pin="38"/>
    </net>
    <net code="30" name="Net-(U1-Pad37)">
      <node ref="U1" pin="37"/>
    </net>
    <net code="31" name="Net-(U1-Pad36)">
      <node ref="U1" pin="36"/>
    </net>
    <net code="32" name="Net-(R4-Pad2)">
      <node ref="R4" pin="2"/>
      <node ref="U1" pin="33"/>
    </net>
    <net code="33" name="Net-(RGB39-Pad2)">
      <node ref="RGB40" pin="4"/>
      <node ref="RGB39" pin="2"/>
    </net>
    <net code="34" name="Net-(RGB38-Pad2)">
      <node ref="RGB38" pin="2"/>
      <node ref="RGB39" pin="4"/>
    </net>
    <net code="35" name="Net-(RGB37-Pad2)">
      <node ref="RGB38" pin="4"/>
      <node ref="RGB37" pin="2"/>
    </net>
    <net code="36" name="Net-(RGB36-Pad2)">
      <node ref="RGB37" pin="4"/>
      <node ref="RGB36" pin="2"/>
    </net>
    <net code="37" name="Net-(U1-Pad1)">
      <node ref="U1" pin="1"/>
    </net>
    <net code="38" name="Net-(USB1-Pad9)">
      <node ref="USB1" pin="9"/>
    </net>
    <net code="39" name="Net-(RGB13-Pad2)">
      <node ref="RGB14" pin="4"/>
      <node ref="RGB13" pin="2"/>
    </net>
    <net code="40" name="Net-(USB1-Pad3)">
      <node ref="USB1" pin="3"/>
    </net>
    <net code="41" name="Net-(RGB43-Pad2)">
      <node ref="RGB43" pin="2"/>
    </net>
    <net code="42" name="Net-(D16-Pad2)">
      <node ref="D16" pin="2"/>
      <node ref="MX16" pin="2"/>
    </net>
    <net code="43" name="Net-(D29-Pad2)">
      <node ref="D29" pin="2"/>
      <node ref="MX29" pin="2"/>
    </net>
    <net code="44" name="Net-(D17-Pad2)">
      <node ref="MX17" pin="2"/>
      <node ref="D17" pin="2"/>
    </net>
    <net code="45" name="Net-(D5-Pad2)">
      <node ref="MX5" pin="2"/>
      <node ref="D5" pin="2"/>
    </net>
    <net code="46" name="Net-(D38-Pad2)">
      <node ref="MX38" pin="2"/>
      <node ref="D38" pin="2"/>
    </net>
    <net code="47" name="Net-(D28-Pad2)">
      <node ref="D28" pin="2"/>
      <node ref="MX28" pin="2"/>
    </net>
    <net code="48" name="Net-(D4-Pad2)">
      <node ref="MX4" pin="2"/>
      <node ref="D4" pin="2"/>
    </net>
    <net code="49" name="COL3">
      <node ref="U1" pin="11"/>
      <node ref="MX4" pin="1"/>
      <node ref="MX16" pin="1"/>
      <node ref="MX28" pin="1"/>
      <node ref="MX38" pin="1"/>
    </net>
    <net code="50" name="Net-(D37-Pad2)">
      <node ref="MX37" pin="2"/>
      <node ref="D37" pin="2"/>
    </net>
    <net code="51" name="Net-(D27-Pad2)">
      <node ref="D27" pin="2"/>
      <node ref="MX27" pin="2"/>
    </net>
    <net code="52" name="Net-(D15-Pad2)">
      <node ref="MX15" pin="2"/>
      <node ref="D15" pin="2"/>
    </net>
    <net code="53" name="Net-(D3-Pad2)">
      <node ref="MX3" pin="2"/>
      <node ref="D3" pin="2"/>
    </net>
    <net code="54" name="Net-(D19-Pad2)">
      <node ref="MX19" pin="2"/>
      <node ref="D19" pin="2"/>
    </net>
    <net code="55" name="Net-(D32-Pad2)">
      <node ref="MX32" pin="2"/>
      <node ref="D32" pin="2"/>
    </net>
    <net code="56" name="Net-(D20-Pad2)">
      <node ref="D20" pin="2"/>
      <node ref="MX20" pin="2"/>
    </net>
    <net code="57" name="Net-(D8-Pad2)">
      <node ref="D8" pin="2"/>
      <node ref="MX8" pin="2"/>
    </net>
    <net code="58" name="Net-(D40-Pad2)">
      <node ref="D40" pin="2"/>
      <node ref="MX40" pin="2"/>
    </net>
    <net code="59" name="Net-(D31-Pad2)">
      <node ref="D31" pin="2"/>
      <node ref="MX31" pin="2"/>
    </net>
    <net code="60" name="COL2">
      <node ref="MX3" pin="1"/>
      <node ref="MX15" pin="1"/>
      <node ref="MX27" pin="1"/>
      <node ref="MX37" pin="1"/>
      <node ref="U1" pin="10"/>
    </net>
    <net code="61" name="Net-(D7-Pad2)">
      <node ref="D7" pin="2"/>
      <node ref="MX7" pin="2"/>
    </net>
    <net code="62" name="Net-(D30-Pad2)">
      <node ref="MX30" pin="2"/>
      <node ref="D30" pin="2"/>
    </net>
    <net code="63" name="Net-(D18-Pad2)">
      <node ref="D18" pin="2"/>
      <node ref="MX18" pin="2"/>
    </net>
    <net code="64" name="Net-(D6-Pad2)">
      <node ref="MX6" pin="2"/>
      <node ref="D6" pin="2"/>
    </net>
    <net code="65" name="Net-(D39-Pad2)">
      <node ref="MX39" pin="2"/>
      <node ref="D39" pin="2"/>
    </net>
    <net code="66" name="Net-(D13-Pad2)">
      <node ref="D13" pin="2"/>
      <node ref="MX13" pin="2"/>
    </net>
    <net code="67" name="Net-(D26-Pad2)">
      <node ref="D26" pin="2"/>
      <node ref="MX26" pin="2"/>
    </net>
    <net code="68" name="Net-(D14-Pad2)">
      <node ref="D14" pin="2"/>
      <node ref="MX14" pin="2"/>
    </net>
    <net code="69" name="Net-(D2-Pad2)">
      <node ref="MX2" pin="2"/>
      <node ref="D2" pin="2"/>
    </net>
    <net code="70" name="Net-(D36-Pad2)">
      <node ref="D36" pin="2"/>
      <node ref="MX36" pin="2"/>
    </net>
    <net code="71" name="Net-(D25-Pad2)">
      <node ref="MX25" pin="2"/>
      <node ref="D25" pin="2"/>
    </net>
    <net code="72" name="Net-(D1-Pad2)">
      <node ref="D1" pin="2"/>
      <node ref="MX1" pin="2"/>
    </net>
    <net code="73" name="Net-(C1-Pad1)">
      <node ref="U1" pin="17"/>
      <node ref="C1" pin="1"/>
      <node ref="Y1" pin="1"/>
    </net>
    <net code="74" name="Net-(RGB7-Pad2)">
      <node ref="RGB7" pin="2"/>
      <node ref="RGB8" pin="4"/>
    </net>
    <net code="75" name="Net-(RGB4-Pad2)">
      <node ref="RGB4" pin="2"/>
      <node ref="RGB5" pin="4"/>
    </net>
    <net code="76" name="Net-(RGB12-Pad2)">
      <node ref="RGB12" pin="2"/>
      <node ref="RGB13" pin="4"/>
    </net>
    <net code="77" name="Net-(RGB11-Pad2)">
      <node ref="RGB11" pin="2"/>
      <node ref="RGB12" pin="4"/>
    </net>
    <net code="78" name="Net-(D10-Pad2)">
      <node ref="D10" pin="2"/>
      <node ref="MX10" pin="2"/>
    </net>
    <net code="79" name="Net-(D23-Pad2)">
      <node ref="MX23" pin="2"/>
      <node ref="D23" pin="2"/>
    </net>
    <net code="80" name="Net-(D11-Pad2)">
      <node ref="MX11" pin="2"/>
      <node ref="D11" pin="2"/>
    </net>
    <net code="81" name="Net-(D43-Pad2)">
      <node ref="MX43" pin="2"/>
      <node ref="D43" pin="2"/>
    </net>
    <net code="82" name="Net-(D34-Pad2)">
      <node ref="MX34" pin="2"/>
      <node ref="D34" pin="2"/>
    </net>
    <net code="83" name="Net-(D22-Pad2)">
      <node ref="MX22" pin="2"/>
      <node ref="D22" pin="2"/>
    </net>
    <net code="84" name="Net-(D42-Pad2)">
      <node ref="D42" pin="2"/>
      <node ref="MX42" pin="2"/>
    </net>
    <net code="85" name="Net-(D33-Pad2)">
      <node ref="D33" pin="2"/>
      <node ref="MX33" pin="2"/>
    </net>
    <net code="86" name="Net-(D21-Pad2)">
      <node ref="D21" pin="2"/>
      <node ref="MX21" pin="2"/>
    </net>
    <net code="87" name="Net-(D9-Pad2)">
      <node ref="MX9" pin="2"/>
      <node ref="D9" pin="2"/>
    </net>
    <net code="88" name="Net-(D41-Pad2)">
      <node ref="MX41" pin="2"/>
      <node ref="D41" pin="2"/>
    </net>
    <net code="89" name="RGBLED">
      <node ref="U1" pin="12"/>
      <node ref="RGB1" pin="4"/>
    </net>
    <net code="90" name="Net-(R3-Pad2)">
      <node ref="USB1" pin="6"/>
      <node ref="USB1" pin="8"/>
      <node ref="U2" pin="2"/>
      <node ref="R3" pin="2"/>
    </net>
    <net code="91" name="Net-(D24-Pad2)">
      <node ref="D24" pin="2"/>
      <node ref="MX24" pin="2"/>
    </net>
    <net code="92" name="Net-(D12-Pad2)">
      <node ref="D12" pin="2"/>
      <node ref="MX12" pin="2"/>
    </net>
    <net code="93" name="Net-(D35-Pad2)">
      <node ref="D35" pin="2"/>
      <node ref="MX35" pin="2"/>
    </net>
    <net code="94" name="Net-(R2-Pad2)">
      <node ref="R2" pin="2"/>
      <node ref="USB1" pin="5"/>
      <node ref="USB1" pin="7"/>
      <node ref="U2" pin="3"/>
    </net>
    <net code="95" name="Net-(RGB28-Pad2)">
      <node ref="RGB29" pin="4"/>
      <node ref="RGB28" pin="2"/>
    </net>
    <net code="96" name="Net-(RGB26-Pad2)">
      <node ref="RGB27" pin="4"/>
      <node ref="RGB26" pin="2"/>
    </net>
    <net code="97" name="Net-(RGB25-Pad2)">
      <node ref="RGB26" pin="4"/>
      <node ref="RGB25" pin="2"/>
    </net>
    <net code="98" name="Net-(RGB22-Pad2)">
      <node ref="RGB23" pin="4"/>
      <node ref="RGB22" pin="2"/>
    </net>
    <net code="99" name="Net-(RGB21-Pad2)">
      <node ref="RGB21" pin="2"/>
      <node ref="RGB22" pin="4"/>
    </net>
    <net code="100" name="Net-(RGB33-Pad2)">
      <node ref="RGB34" pin="4"/>
      <node ref="RGB33" pin="2"/>
    </net>
    <net code="101" name="Net-(RGB32-Pad2)">
      <node ref="RGB32" pin="2"/>
      <node ref="RGB33" pin="4"/>
    </net>
    <net code="102" name="Net-(RGB31-Pad2)">
      <node ref="RGB32" pin="4"/>
      <node ref="RGB31" pin="2"/>
    </net>
    <net code="103" name="Net-(RGB30-Pad2)">
      <node ref="RGB30" pin="2"/>
      <node ref="RGB31" pin="4"/>
    </net>
    <net code="104" name="Net-(RGB17-Pad2)">
      <node ref="RGB17" pin="2"/>
      <node ref="RGB18" pin="4"/>
    </net>
    <net code="105" name="Net-(RGB14-Pad2)">
      <node ref="RGB15" pin="4"/>
      <node ref="RGB14" pin="2"/>
    </net>
    <net code="106" name="Net-(RGB10-Pad2)">
      <node ref="RGB10" pin="2"/>
      <node ref="RGB11" pin="4"/>
    </net>
    <net code="107" name="Net-(RGB10-Pad4)">
      <node ref="RGB10" pin="4"/>
      <node ref="RGB9" pin="2"/>
    </net>
    <net code="108" name="Net-(RGB8-Pad2)">
      <node ref="RGB8" pin="2"/>
      <node ref="RGB9" pin="4"/>
    </net>
    <net code="109" name="Net-(RGB6-Pad2)">
      <node ref="RGB6" pin="2"/>
      <node ref="RGB7" pin="4"/>
    </net>
    <net code="110" name="Net-(RGB20-Pad2)">
      <node ref="RGB21" pin="4"/>
      <node ref="RGB20" pin="2"/>
    </net>
    <net code="111" name="COL11">
      <node ref="MX24" pin="1"/>
      <node ref="U1" pin="32"/>
      <node ref="MX12" pin="1"/>
    </net>
    <net code="112" name="COL10">
      <node ref="MX23" pin="1"/>
      <node ref="MX11" pin="1"/>
      <node ref="MX35" pin="1"/>
      <node ref="U1" pin="31"/>
    </net>
    <net code="113" name="COL9">
      <node ref="U1" pin="30"/>
      <node ref="MX10" pin="1"/>
      <node ref="MX22" pin="1"/>
      <node ref="MX34" pin="1"/>
      <node ref="MX43" pin="1"/>
    </net>
    <net code="114" name="COL8">
      <node ref="U1" pin="29"/>
      <node ref="MX42" pin="1"/>
      <node ref="MX33" pin="1"/>
      <node ref="MX21" pin="1"/>
      <node ref="MX9" pin="1"/>
    </net>
    <net code="115" name="D+">
      <node ref="U1" pin="4"/>
      <node ref="R3" pin="1"/>
    </net>
    <net code="116" name="D-">
      <node ref="R2" pin="1"/>
      <node ref="U1" pin="3"/>
    </net>
    <net code="117" name="COL7">
      <node ref="MX41" pin="1"/>
      <node ref="U1" pin="28"/>
      <node ref="MX32" pin="1"/>
      <node ref="MX20" pin="1"/>
      <node ref="MX8" pin="1"/>
    </net>
    <net code="118" name="COL6">
      <node ref="U1" pin="27"/>
      <node ref="MX19" pin="1"/>
      <node ref="MX7" pin="1"/>
      <node ref="MX31" pin="1"/>
      <node ref="MX40" pin="1"/>
    </net>
    <net code="119" name="COL5">
      <node ref="U1" pin="26"/>
      <node ref="MX6" pin="1"/>
      <node ref="MX18" pin="1"/>
      <node ref="MX30" pin="1"/>
    </net>
    <net code="120" name="COL4">
      <node ref="MX39" pin="1"/>
      <node ref="MX5" pin="1"/>
      <node ref="MX17" pin="1"/>
      <node ref="MX29" pin="1"/>
      <node ref="U1" pin="25"/>
    </net>
    <net code="121" name="VCC">
      <node ref="F1" pin="2"/>
      <node ref="U2" pin="4"/>
      <node ref="USB1" pin="2"/>
      <node ref="USB1" pin="11"/>
    </net>
    <net code="122" name="Net-(RGB40-Pad2)">
      <node ref="RGB40" pin="2"/>
      <node ref="RGB41" pin="4"/>
    </net>
    <net code="123" name="Net-(RGB42-Pad2)">
      <node ref="RGB42" pin="2"/>
      <node ref="RGB43" pin="4"/>
    </net>
    <net code="124" name="Net-(RGB41-Pad2)">
      <node ref="RGB42" pin="4"/>
      <node ref="RGB41" pin="2"/>
    </net>
    <net code="125" name="Net-(RGB5-Pad2)">
      <node ref="RGB5" pin="2"/>
      <node ref="RGB6" pin="4"/>
    </net>
    <net code="126" name="Net-(RGB3-Pad2)">
      <node ref="RGB4" pin="4"/>
      <node ref="RGB3" pin="2"/>
    </net>
    <net code="127" name="Net-(RGB2-Pad2)">
      <node ref="RGB2" pin="2"/>
      <node ref="RGB3" pin="4"/>
    </net>
    <net code="128" name="Net-(RGB1-Pad2)">
      <node ref="RGB2" pin="4"/>
      <node ref="RGB1" pin="2"/>
    </net>
  </nets>
</export>
